#include "gui.h"

static const binfile_t background_msx = {"background_msx.png", 46732, {
"\x89\x50\x4E\x47\x0D\x0A\x1A\x0A\x00\x00\x00\x0D\x49\x48\x44\x52\x00\x00\x02\x80\x00\x00\x01\xE0\x08"
"\x03\x00\x00\x00\x02\x0F\x2C\xD6\x00\x00\x00\x30\x50\x4C\x54\x45\x20\x20\xE0\x00\x00\x00\x00\x00\x00"
"\x00\x00\x00\x00\x00\x00\x00\x00\x00\x00\x00\x00\x00\x00\x00\x00\x00\x00\x00\x00\x00\x00\x00\x00\x00"
"\x00\x00\x00\x00\x00\x00\x00\x00\x00\x00\x00\x00\x00\x00\x43\x69\x14\xB9\x00\x00\xB6\x17\x49\x44\x41"
"\x54\x78\xDA\x7C\x9D\x0B\x76\x24\xC9\x76\x23\x81\xFD\x6F\x5A\x47\xAF\x49\xA6\x9B\xE1\x66\xCD\xCC\xD1"
"\x48\x7A\xDD\x55\x64\x66\x84\xFB\xFD\x00\x86\xA4\x6D\xF2\xFF\xFF\xB5\xF9\xFF\xFF\xEE\xE7\xFF\xF5\xE7"
"\x7F\x9F\xFF\xFD\x8F\xF9\xF9\x27\xFE\xFB\x87\xFE\xFB\x17\xD2\xF7\x3F\xF8\xDF\xFF\xE2\x7F\xFF\xCE\x7F"
"\xFF\xF6\x7F\xFF\xFA\xCF\x9F\xF1\xFB\xCF\xFF\xFC\x53\x3F\xFF\x2F\x7F\x7F\xF5\xDF\x3F\xFD\xF3\xA7\xFE"
"\xFC\x83\x7D\xFF\xC0\xDF\x9F\xAD\x7F\x3F\x6F\x7E\x7F\xA0\xDF\x1F\xF1\xEF\x7F\xFE\xF9\x5B\xF1\x77\xFF"
"\xFC\xF1\x9F\xFF\xF9\xF7\xCF\xFC\xFB\x19\xF2\xFB\xD3\xFD\xFE\x83\x3F\xFF\xF1\xDF\x5F\x9C\xCF\xCF\xFC"
"\xFC\x32\xF9\xFB\xFF\x3F\xFF\x5A\x9F\xFF\xF8\xFD\x5C\x3E\xFF\xC6\xE7\x4F\xFF\xFB\x8C\xFA\xFC\x7D\xBF"
"\x3F\xE8\xEF\xD7\xD2\xDF\x9F\xFE\xF3\x8B\x3C\xFF\xE7\xF3\x33\xF5\xF3\xAB\xE2\xE7\x7D\xFF\xB0\xCF\x9F"
"\xF8\xF7\xF1\x15\x9F\x61\xF2\x3C\x07\xCF\x77\x86\x0F\x27\xEF\xA3\x82\x8F\xF4\xEF\x9B\xFC\xFB\xA4\x7F"
"\xFF\x6F\xFB\x7E\xE2\xBF\x7F\xFB\xE7\x63\xEF\xE7\x8F\x79\xBF\xB7\xBF\x0F\xEC\x79\x46\xFF\x1E\xCC\xBF"
"\xCF\x0B\x9F\xE6\xF3\x6D\xE3\xBB\xF8\xFB\x1B\x7F\x3F\x95\xCF\xF3\xFA\xFE\x2B\xCF\x8F\xF5\x3E\x3A\xEF"
"\x97\xFA\x79\xBE\x3E\xDF\xCE\xEF\xFF\xF2\xF3\xFC\xFD\x3D\xC8\xCF\x43\xFD\xF7\xFC\xE6\x7D\x9B\x3E\xCF"
"\x4A\x9E\x6F\xB7\x9F\x87\xFF\xF3\x39\x7D\x7E\xFF\xCF\xDF\xFA\xBE\x48\xBF\x1F\x53\x3E\x9F\xD9\xF3\x3C"
"\xE1\x7B\x79\x1E\x85\xF9\x69\x3E\x6F\x6D\xDF\x17\x10\x2F\xDB\xF3\x74\x3E\x0F\x62\xF8\x99\x04\x47\xCA"
"\xE7\x2F\xFC\x7C\xA2\xC5\xDF\xF3\xF9\xA2\x83\x3F\x9A\xCF\xCA\xE7\xA9\xFC\xFD\x5D\x75\x54\x3D\xDF\x76"
"\xC2\x7F\xEB\xEF\xF4\xF8\x3C\x29\xCF\xD3\xD6\x3E\x2F\xD6\xDF\x2B\x93\xE7\xB5\x7A\x7E\xE0\xCF\x99\xF1"
"\xF7\xED\x7F\x7E\xFD\x39\x8F\xFA\xF9\x3D\x9E\xA7\xB9\xEF\x43\x9F\xF7\x15\xC7\x31\xF2\x1E\x15\xCF\xAF"
"\xFD\xF9\x15\x9F\x67\xF1\x7D\x52\x5B\x9F\x85\xF8\xBC\x9F\x3F\xED\xEF\x4B\x6C\x70\x2A\xF2\x28\xEB\xFB"
"\x27\xE7\xF3\x38\xBE\xEF\x83\x5E\xF0\xE7\x6B\xFD\xFC\x98\xD5\x79\xF3\xFC\xE4\xCF\x9B\xF0\x5C\x2F\xF9"
"\x7C\xD3\x9F\xBF\x30\xF8\xD1\xFE\x5E\x6F\xBE\x38\xFD\x7C\xCA\xF1\x0F\x95\xF3\xEF\x7F\xEF\x95\xCF\x43"
"\xA1\x1F\xEB\xF3\xB1\x7E\xCE\xD3\xE7\x34\x7B\xFE\xE2\xE7\xA0\x79\x3E\xDD\xE7\x6D\x7C\x1F\xE6\xE7\xE1"
"\xFF\x1C\x7F\x79\x1F\x1D\xFC\x2D\x9F\x67\x31\xCF\x09\x90\xF7\x58\x7C\x3F\xB4\xE7\xB1\xC1\x99\x83\xA3"
"\xA1\x7C\x65\xDF\xB7\x0D\x0F\xC7\xDF\xD7\xFD\xBC\x0F\xCF\x17\xF0\x5E\x2C\xCF\xA7\x8D\xE7\x17\x3F\x63"
"\xDF\xB3\xFB\xF3\x83\xBC\x1F\x01\xEE\xB1\xE2\xE8\x7F\x6E\x98\x7E\xCE\xE2\xBE\x6F\xE4\xDF\xF9\xD4\xCF"
"\xAB\xFF\x1C\xB0\xCF\xA5\xA0\xB7\xBA\xCF\xA5\x39\xDF\x5C\x9F\x8B\xEE\x39\x48\xF5\x70\x7C\xBE\xC2\xCF"
"\xF1\xF9\x14\x08\x9F\x1F\xEA\x79\x77\xDF\x5B\x89\x2F\x51\xA6\xFA\xF8\xFB\x45\x3F\xC7\xFF\xE7\xBB\xC3"
"\x0D\xDD\xE7\x88\xCA\x73\xFB\xE6\xA9\x0F\xDE\x57\xD9\xA7\xD7\x73\x05\xF6\x3D\x25\x3E\xE5\x20\x6E\xAB"
"\xB7\x04\x61\x01\xA8\x4A\xEB\xAD\x24\x3F\x57\x0A\xDE\x0E\xFC\x06\xEF\x1B\xFC\xBE\x46\xCF\x3B\x81\x73"
"\xE6\xEF\xBF\x7E\x8E\xD4\xF0\xE3\xE7\x4B\xF0\x9E\x24\xCF\x21\xF2\x7C\x08\x7E\xCC\x33\x45\x6E\x9E\xDB"
"\xA7\xCF\x93\x97\xF8\x58\x0F\x5E\xC3\xF7\x69\xFC\x7C\x37\xCF\xC1\xF2\x1C\x22\x7D\x8E\xFA\xE7\x72\xD5"
"\xAF\xFC\x7C\x24\x7D\xEA\xA6\xCF\x83\xF6\xFC\x52\xEF\xCF\x51\x9C\x3C\x79\x3E\x8F\xE7\xB4\xC2\x8D\xF8"
"\x76\x07\x7C\x82\xFC\x76\xBE\xC7\x52\x9F\x7F\xFE\xF3\xF3\x35\xF8\xFD\xDE\xAA\xF7\xBD\x7E\xE6\x34\xEC"
"\x5B\xAA\x7D\x8A\x8F\xE0\x11\x62\x1D\xFC\x79\xC0\xDE\xE7\xF2\xA9\x68\xF9\x6C\xE4\x2D\x6C\xDF\x3A\x8A"
"\xC5\x58\xCB\x3A\xA1\xEF\x8D\x5C\x9C\xED\xCF\xE3\xC0\xF7\xFF\x3D\x64\xF1\x1B\x3E\x4F\xED\x73\x97\x56"
"\xE5\xFB\x53\x24\x47\x27\x0A\xEA\xA3\xE7\x31\x6E\xA6\x21\xD0\x75\xF6\xBE\xF7\x7C\x82\x9E\x1E\xE7\x2D"
"\xEB\x78\x4F\x3F\xD5\x3A\xFE\x2C\x9D\x7A\xEF\xDB\xA2\xF6\x2F\x2C\x36\x79\x2E\xF6\xAD\xC7\x5C\x46\xB3"
"\xB5\x44\xEF\x98\xE7\xC9\x79\x6E\x56\xB5\x91\x6F\xE9\xC5\x2B\xE9\xAD\xCC\xDF\xC3\xED\xA9\x3F\xEA\x22"
"\x28\x3C\xB9\x9E\x16\xF2\xED\xD0\xD0\xD6\xBC\x0D\xD3\xF3\xB4\xE1\x09\x7B\x7E\xDD\xBE\xBF\x37\x8A\xBD"
"\x3C\x9D\xE8\xFB\x56\xEA\x80\xE5\xD7\xFA\x36\x34\xEF\x43\x5A\x7E\x35\xA8\x14\xEB\xAF\x77\x1E\x65\xD6"
"\xCB\x78\xBF\x3E\x9F\xD0\x7B\xC9\xE2\xAB\x63\x21\x5E\xD6\x2F\x99\x63\x28\xCF\x2F\xFE\x19\x57\xF4\x6D"
"\x85\x8A\xB3\xB1\xEF\x31\xF2\x36\xC6\xCF\x93\xFD\x5E\xBC\x61\x35\xF0\x1E\xCD\x41\x97\x88\x07\x84\xED"
"\x4B\xFA\xDE\x29\x9F\x27\x26\x29\x4A\x7D\xBD\xFD\xBC\xBF\x9E\x06\x83\x2F\x2A\x9B\xA8\xB7\x55\x79\x9B"
"\xB6\xBC\x7D\xEC\xF1\x07\xBF\x3F\xC5\x5B\x67\xBF\x05\xF7\xE7\x31\x7C\x7F\x68\x7C\x7A\x53\xA9\xF5\x69"
"\x20\x9F\x3F\x88\x77\x8E\x4E\x32\x94\xB7\x9A\x24\xBC\xF7\x64\xD0\x64\xAA\xD4\x66\x91\xF4\x5C\xA1\x41"
"\x0B\x8D\xB7\x35\xC5\x8F\x8F\x42\x96\xDF\x1A\x9F\xD7\xA7\x36\xE2\x69\xE7\x37\xEA\xB9\x18\x93\x79\x2E"
"\xD8\x08\xE2\x09\x62\x1B\x1C\xB6\xCD\x7D\x67\x04\x6F\x11\x56\x14\x3A\x9D\xC3\x42\x7F\xD3\x73\xB9\xAB"
"\x0D\x4E\x7D\x95\xA2\x55\x40\x4D\xF5\x3C\x68\xEF\x0B\xDF\x6A\x34\xF8\xBC\x6F\x6A\xE7\x9E\x19\x55\xF1"
"\x50\x1C\xF3\x91\x3E\x7F\xF8\xFB\x3F\x63\x6E\xE5\xC1\x97\x2E\x0C\x0C\x3C\x38\x00\x7A\x3E\xC9\xE7\x4A"
"\x79\xDF\xC3\x77\x46\x89\xAE\x43\x3F\xB1\x1B\xA2\xB7\x45\x7D\x6A\x8E\xE2\xD6\x41\x3D\xF4\x4E\x69\x31"
"\xDA\xE3\xDC\xD7\x57\x3C\xDA\xA4\xBE\x33\x3A\x97\x9E\xF1\xC0\x21\xD1\xF9\xD4\xAF\x37\x07\xFB\x87\xBD"
"\x1B\x39\x82\x49\x38\xBE\x0A\x9F\x91\xE7\xEB\x89\x7B\x50\xB5\x8E\x6F\xC3\xCE\x19\x1C\x6E\xD1\xF7\x43"
"\xD0\x08\xFB\x6D\x9F\x50\xDA\xBE\x63\xE3\xCF\x93\x83\x1A\xAE\x1C\x53\xF3\x90\xED\x5B\xF0\x3C\x63\xF4"
"\x77\x8A\x8A\x07\xC5\x53\x46\x3C\x40\x4F\x85\x8A\x56\x96\xB3\x98\xD6\xBD\xCB\xF3\xE3\xE3\x97\x6F\xF9"
"\x17\xBE\x1F\xE3\x5B\x64\x46\x1D\xC7\x7B\xF0\x3E\xFD\xE3\x7B\x89\xBE\x13\x49\x15\xEB\x78\xB2\xE3\xF7"
"\xEB\xF9\xA5\xE6\x3B\x49\xD9\x6F\x85\x23\xCF\xA8\x81\xC5\x10\x0B\xCD\x8C\x6A\xD1\x77\xF0\xFA\x7E\x63"
"\x98\x4A\x06\xC3\xA1\x19\x19\xE2\xD3\x7B\x67\x03\x2E\xB6\x82\xB9\x42\x51\x0A\xB6\xDA\x93\xBC\xC3\x57"
"\x0D\xB8\xDE\x76\x3C\xFA\x08\xDF\xC3\x33\xEA\x3A\xB9\x57\xD0\xA8\xA5\x1C\x40\x25\x2C\x75\xDE\xFA\x92"
"\xC3\x33\x0D\x5C\x9F\x7F\xE5\x2D\x0D\x79\xE5\x62\xA0\xFC\x1E\x7F\xD5\xAD\xCE\x57\x0C\xCF\x68\xA7\x06"
"\xF5\xCC\x10\x23\x7C\x74\xEC\x3A\x56\xC3\xC6\x2C\x28\xAD\x75\x86\x77\xBE\x2D\xD5\xB5\xC5\xF8\x96\x17"
"\xB7\x3A\x81\x68\xE5\x84\x96\xE9\xA9\xA7\xFB\xFE\xF7\xEF\x16\xA2\xC5\xC8\x30\x6E\xE2\xDF\xEE\xFB\x2D"
"\xA8\xFA\xF6\xF4\x7A\xC6\xEE\x7A\xD7\x4B\xBA\xBC\xBD\xCE\x5B\x39\x17\x3B\xA9\x36\x7C\xD8\x82\xFA\x0C"
"\xCB\x3A\xFC\xA8\x78\x3A\x38\x44\x66\xA7\xF5\x3C\x35\xD8\xDD\xB5\xBC\x3D\x9F\x6B\x20\xB3\xB1\x54\x35"
"\x8D\x7A\x51\xAB\x18\xDC\x66\x18\x04\x6E\x8D\x85\xC2\xAD\x18\x41\xBC\x9F\xFF\xFB\xA8\xF3\xEC\xD4\xD0"
"\x1B\x8B\x9B\x64\x4B\x8E\x84\x45\xEF\x7B\x3E\xBC\x8F\xC9\x5B\x29\xBD\x3D\x2A\x2A\x2D\xB5\x67\xEF\xB7"
"\xCB\x5B\xD9\xB3\x0E\x0C\xCF\xDE\xC9\x13\x5E\x69\xFC\x25\xA8\x5B\x3A\x6D\x12\xCA\xFF\x77\xCE\x94\xA2"
"\x05\xE7\xDF\xF2\x56\xE6\xCF\xC0\xBA\x78\xA1\x7D\x61\xB9\x95\x2A\x07\xDC\xD1\xFD\xA7\x42\x0C\xAB\xB4"
"\xF7\xD2\x8F\x77\x17\xBB\x08\x75\x9D\xAB\x45\x24\xAA\xEF\xF9\xAA\xDF\x22\x8E\xCF\x3A\xFA\xD0\xB7\x94"
"\x7F\x47\x56\x98\x32\xBC\xB5\x29\xD6\xA5\x6F\x93\x83\x23\x8F\x43\x52\x6F\xD8\xEA\xCE\xC2\x33\x83\x77"
"\x34\x97\xEC\x8F\xAE\xEB\x2F\x5E\xB2\x63\x4E\x1B\x6C\xD6\x8B\x99\xF5\x3B\x1F\xC1\x19\xFB\xEE\x22\xD8"
"\x3A\xB5\x9C\xD4\x73\x41\xC4\xD1\x1E\xD7\x3F\x98\x34\xA0\x56\xE9\x4C\x51\x76\x6E\x96\x70\xAD\xAD\x25"
"\x19\x4E\x6B\x7D\x6B\x68\x9F\x39\x9C\xEB\x6E\xD2\xF8\x78\x70\xC4\x5F\xD7\x86\x58\x54\x3D\x83\xB5\xBE"
"\x83\x50\xCB\x40\x50\x5C\x70\x65\x34\x0D\x27\xEE\x9A\x99\x67\x71\xB5\x8E\x29\x7A\x78\x39\x54\x23\x05"
"\xED\x8A\x31\x24\x54\x4B\x12\xAD\x72\xFB\x65\x50\xC2\xED\x62\x35\x91\xEF\x7B\x9A\x55\x13\x3C\xF5\x02"
"\xC1\xC4\x1A\xE5\x3D\xAF\x81\x8C\x5C\x80\xFB\x6E\x7E\xE2\xBC\x31\xB5\xD7\x7A\x35\x12\xD1\x1E\xE1\x6D"
"\x7C\xC2\x2F\x59\x2F\x4E\x74\xAE\xE2\x92\xC1\x8D\xC7\xF7\xF5\x19\xBC\x54\x57\x81\x1F\xEF\x77\x86\x6B"
"\xBD\xC9\x7B\xB3\x3F\xBF\x1E\xEA\xAE\x77\xD6\x85\x33\xF9\x6D\x57\x4A\x51\x50\x35\x36\x2F\x6A\xCC\xF7"
"\x9F\xC2\xB7\xFE\x1C\x15\x38\x52\x24\xAD\x60\x7D\xC4\xCE\x19\xDB\xF8\xE0\x69\x44\xEB\xE6\xA6\x8E\x1F"
"\xBA\x9A\xD7\x60\x22\x53\x8B\x7E\x38\x3B\xD5\x55\xE5\xF3\x90\xB3\x36\x0F\xA0\xC2\xCD\xFF\x5B\x08\xC7"
"\x87\x83\xB5\x43\xB1\x94\xE8\x1D\x76\x34\x73\xE4\xB1\xC3\xD4\xD3\x49\x35\xCF\xBB\xC1\x7B\x6F\x7E\xDE"
"\x25\xE5\xC9\x8B\xBB\x00\x73\x19\xED\x31\x39\x0F\xEC\x31\x97\x94\x8E\x0E\x8F\x4B\xDD\x5D\x56\x7B\xB8"
"\xF7\x6C\xE5\x98\xF9\x5B\x1D\xCF\xC1\x0A\x5E\x59\x96\x3D\xD8\x9E\xF1\x5C\x41\xB7\xC9\xFA\x2B\x1C\x2C"
"\x61\x65\x8C\xEE\xE8\xFD\x03\xCA\x66\xCA\x4F\x7B\x29\x57\x72\x75\xD6\x57\x7A\x45\xB5\x62\x67\x3F\x52"
"\x6E\x30\x25\x2B\xDA\x53\x12\x63\x6C\xBE\xF3\xD3\x7F\x94\x03\xA3\x77\x58\x04\xC9\x47\x66\x3F\xA2\x73"
"\x1F\xCB\x3C\x0E\xE4\xAD\x78\xDC\xF6\x1F\x63\x08\x6E\x77\x3C\x28\xC4\x15\x8E\x79\x3C\x26\x2B\x7E\x91"
"\x50\xBF\x43\x0D\x83\x01\x70\x30\xE9\x2F\xF5\x77\x68\x12\xD9\x5D\x73\xE6\xC0\x01\x9B\x2F\xB3\xA8\xF2"
"\x9F\x39\xCD\x5E\x83\x85\x1C\x8D\xB3\xCB\xB2\xC8\x09\x75\xA9\xEF\x59\x08\xC1\x1B\xCB\x73\xAF\x1D\xB1"
"\xEF\xC4\x1F\x55\x3D\xC5\x7A\xAE\xA3\x2D\x26\xC6\xC5\xD5\x14\xF6\x79\xE0\x20\xC9\xD1\x9A\xFE\x5D\xC9"
"\x3E\xE5\x51\xD1\x09\x8D\xBA\x00\x8B\xEB\x77\x1D\xEE\x3A\xBC\x14\xA1\x54\xA3\x95\x77\x1C\xBC\x45\x1D"
"\xF6\x03\x6F\x13\xF5\x4E\x9D\xF0\x7A\x86\x8D\x06\xB7\x5B\xEF\xA9\x54\xB4\x27\x1A\x77\x67\xE4\x33\xDD"
"\x2F\x8E\xF7\x67\x67\x06\xF8\x76\x01\x14\x59\xCC\xFD\xA7\xD1\x00\x7F\xA0\xBE\xE3\xF3\xE7\xBD\xC7\xE6"
"\x0F\x1D\x62\x55\xB6\x68\x1B\xCA\xBA\x83\x2A\xB2\xF7\xE5\x82\xA6\x54\x72\xA5\x59\x44\xA9\x07\x46\xB3"
"\x62\x61\xB8\x37\x23\x14\x2A\x70\xC1\x89\x6F\x98\x73\x59\x29\x26\xDE\x16\x79\xA4\x7C\xC5\x04\xAD\x91"
"\x32\x01\xB2\xE9\xF0\x7E\xA7\x84\xCC\x3A\x6F\x76\x2D\xB7\x98\x37\xD1\x38\xB3\xE1\xF6\xA2\x14\x58\x85"
"\x0F\xB9\x1B\x65\x8B\xED\x46\x7C\xCF\x33\x8F\x87\x5E\x3C\x49\x0F\x37\x21\xEF\x8D\xA9\x3D\x17\x24\xAA"
"\x5A\xB2\x4B\xD4\x18\xEE\x94\x46\x13\xCF\x33\x4D\x6A\x77\x5C\xB6\xEF\xA3\xF6\xAA\xA9\xEF\x81\x62\x35"
"\xFD\x60\xC7\xFE\x8A\x41\xE2\x8E\xA5\xD4\x7E\x60\x53\x72\x7C\xFB\xB1\x66\xE0\x98\xB5\xBD\x0B\xBC\xA7"
"\xF2\x9F\x83\x35\x78\xA1\x30\xD4\xC1\x70\x85\xBB\x3F\xC9\xB4\xB8\x5B\x92\xDE\x9D\xF2\x01\xEC\x3C\x47"
"\xAC\x3E\x9D\x18\x55\x65\xAC\x3F\xA9\xCB\x92\x0E\x33\x56\x41\x48\xE3\xE1\x0D\xF1\x5C\x78\xC9\xBD\xDF"
"\xD1\xC7\x6A\xC5\x72\x32\xAD\xD5\x1E\xCF\xDA\xC6\x68\x67\xC8\xD1\x8F\x46\x86\xB8\x01\xDF\x1B\x95\x03"
"\xCE\xAE\xC8\x5F\xEF\x48\x43\xC7\x8D\xF7\x49\x30\xD7\x60\x52\xC4\x9E\x5A\xE2\x94\xCE\x09\x55\xFE\x1C"
"\xDA\x0F\xAA\x88\xD6\x46\x95\xCF\x47\xA0\x2E\x41\x51\xC3\xC3\xAB\xDE\x3D\x49\x0A\x06\xB7\x87\x24\xC4"
"\xBC\x35\xCA\x4F\x30\xB2\xDB\xC0\x75\xD1\x69\xC0\xBC\xDC\xE6\x75\x87\xBF\x74\x16\x21\xBC\xFC\x22\xD1"
"\x04\x56\x87\xAC\xBA\x38\xE4\x1A\xD5\x24\x16\xF4\x72\x99\xE0\x4F\x2C\x25\xEE\xF7\x4E\x17\xCA\x57\xD7"
"\xC8\x87\x39\x61\x14\x67\xAF\x14\x3A\x1C\x6E\xD9\x15\x52\xED\x19\xB4\x6E\x66\xF9\x38\xFF\x0B\x4A\x11"
"\x43\xA3\x10\xA7\x6E\x57\x3D\xB4\x85\xCB\x7A\x82\x34\x1E\x57\xA7\x6F\xB5\x43\x62\xA1\xA6\x87\x1D\xA5"
"\x76\xAB\x96\x41\x78\x79\x53\x0A\x75\xA0\x56\xA6\x3E\x53\xE6\x17\x1E\xA7\xEF\x48\x80\xC2\x99\x11\x24"
"\xAD\x19\x6D\xCE\x5E\x7B\xE4\x24\x37\xF1\xA8\x91\xE7\x4A\x38\x18\x44\xC1\x4C\xFD\x30\x2B\xC7\xC6\xFA"
"\x5B\xCD\x71\x24\x84\x45\x69\x36\x42\x10\x5A\x7A\x28\x16\x8B\x24\xA2\x75\xF1\x2F\x25\xF0\x2B\xAD\x92"
"\x15\xED\xAA\xC8\xA4\xFF\x90\x90\xC4\x16\x48\x29\xB2\x78\x7C\x71\x46\x8D\xC6\x30\xD5\xA9\xAF\x79\xDF"
"\xFC\xDF\x7A\x24\xD8\xF1\xF4\xF0\xB2\x2C\x4D\x60\xA5\x1E\x4F\x83\x19\x29\x4E\xE5\xE4\x5A\x7F\x23\x3D"
"\x98\x75\x4D\x02\x35\x4F\xC6\x44\x39\xC2\xE2\xA3\xDE\xD2\x18\x76\xB5\x2B\x58\xCF\x36\x99\x42\x3F\x12"
"\xC0\x50\x85\x4A\xAF\xD1\xDE\xA7\x95\xB0\x6A\x56\xF9\x90\x1E\x69\xC4\xF6\xAF\x3A\x59\xB5\xD9\xE8\x17"
"\x30\x75\xA1\x94\xB7\xC9\xA1\x80\x92\x3E\x5B\x7B\x17\xBA\x25\x28\xD2\xD2\x89\x1A\xCE\xCB\xB5\x6C\xD3"
"\x44\x45\x37\x96\x05\x6A\xAD\x2B\x4E\x7B\x43\x21\xBE\x0B\x15\x1C\x5A\xA8\x69\x30\x87\x06\xE8\xD9\x0F"
"\x58\x00\xF6\xCE\xAE\x78\xC3\x73\xD0\x15\x0E\x63\xA9\xF9\xE5\x33\x2E\xEF\x01\x0A\xD1\x99\xB1\xDA\x51"
"\x11\x6F\x0F\x2A\xA9\x7C\xC7\x59\x87\x42\xE6\x75\xBB\xB0\x85\x95\xB8\x8C\x77\x67\x2D\x5B\xA3\x21\x99"
"\xC5\x54\xE5\x8A\xA2\xF5\xF3\xF9\x8C\xB9\x2B\xE3\x5B\x42\x07\x5E\x60\xB6\x92\xBB\xDA\xEB\x63\x3A\xBD"
"\xAC\xB0\x19\x7D\x09\x6D\xA9\x41\x2F\x87\x4F\x44\x13\x85\x74\x55\x37\x70\xAC\xE8\x4E\x52\x05\x9C\x48"
"\x61\x6B\x15\x2D\xD7\x23\x32\x95\xE1\x80\x8B\xCE\x48\xB8\xBA\x38\xF2\xD7\xE6\x90\x02\xC1\xB2\x0E\x5C"
"\x27\xA4\xFD\xEE\x90\xF2\x6B\x76\x71\xB4\xF0\x9C\x94\xE9\x89\x7B\x37\xF4\xF8\xBE\x6A\x03\x5A\xAF\x99"
"\x3B\x1A\x78\xEF\x04\x7C\x1D\x97\xAB\x85\xE8\x30\xE3\x4A\x54\xD6\x8F\x78\x57\xFA\xFE\xA3\xF5\xD9\x72"
"\x0A\x23\xD0\xC4\xBD\x6B\x84\x5A\x54\xC6\xEE\x3D\x1A\xA3\xC0\x1E\xA1\x95\xA5\xBA\xE3\x52\x78\xC3\x53"
"\x7D\x4D\x4E\x30\x71\x1E\x3F\x55\xB4\xE6\x9D\x6B\x66\x8C\x98\xCD\xDC\x05\xB6\x3A\xE9\x9B\x51\xDD\x57"
"\xA8\xDC\x24\x22\x45\xF9\x05\x15\xE4\xC0\x2A\x6C\x4C\xC0\xD2\x85\x5A\xD2\x8C\xAC\xB8\x2B\xF4\xF6\xF1"
"\xA0\xD5\xDF\x8A\x44\xEB\x1B\xB5\x10\x80\x16\x0A\x0A\x4E\x56\x60\x20\x86\xA8\x55\xBB\x6F\x7A\x5A\x38"
"\x7E\xC6\x82\x42\xC5\x31\xC4\xFC\x5E\x23\xC3\x22\xF7\x7E\x6B\xA1\xAC\x20\xD9\x95\x1F\x3F\x83\x4A\xCF"
"\x52\x4B\xBA\x64\x58\xD6\xEE\xE3\x98\x37\x52\x50\x43\xB1\x50\x56\xD4\x2E\x23\x50\xEC\xCD\x80\xFC\x38"
"\xAB\xDA\x88\x7D\x27\x3C\x97\xBC\x96\xC1\x55\x99\xD1\x25\x42\x4C\x81\x9D\x22\x87\x22\x1A\xAD\x36\xAA"
"\x2D\x43\xB9\xB2\xE6\xFC\x50\xD5\x8F\x62\x52\xD8\x89\xB1\x9C\xB1\xE2\xA9\xBD\x06\xAC\x39\x2C\x4C\xF5"
"\x3C\x42\x0A\x6B\xD7\xBF\xFB\x26\xD2\x69\x5D\x5F\x61\x1E\x75\x19\xBE\x72\x2A\x96\x45\x63\x28\x57\x4A"
"\x7E\xC6\xC2\xA7\x0A\x36\xA2\x41\xB9\xC8\x5C\x81\xFF\x42\x9A\x86\x56\xE2\x9A\xBE\xBF\xAF\x5B\x6A\xF0"
"\x84\x94\x4F\xEC\x40\xC9\x8E\x21\x0E\x64\x84\xCD\x71\x49\xAA\x77\x34\xB1\x8B\xD6\x3B\x4A\x6C\xD7\xF8"
"\xEB\x62\x73\x46\xBF\x4B\x78\x14\x4D\x73\x5B\xD8\xAD\x28\x6F\xD4\x0C\xCE\xEA\xD0\xD2\x67\x44\x7F\x18"
"\xC6\xA2\xE8\xA3\xAC\x9E\x69\x56\xD5\x42\xD1\x6F\xA8\x86\xED\x4C\xE3\xB8\xF8\x7D\x4E\x02\x8B\x17\x61"
"\xB4\xA0\x10\xA2\x9C\xE5\xC4\xE2\x2A\x1D\x6E\xB4\x72\xBD\xD5\xAD\xC6\x2E\x64\xF7\xC0\xD0\xE4\xD7\x41"
"\x03\xCA\x24\x36\x3E\xD4\xF7\xB6\x77\x4A\x30\x1A\xBE\x9D\x5A\x67\x72\x56\xCB\x45\xA5\x70\xC2\x19\x93"
"\x92\x77\xC4\x46\xC8\x8F\x5F\x59\x09\x57\xAC\x07\xC9\xE4\x5E\x95\xA6\x44\x69\xD8\xCC\x78\xDA\x11\x0A"
"\xAA\x23\xD9\xD9\x75\x4B\xB1\x19\xD7\x38\x56\xEF\x0B\x6D\x42\x14\x1A\x61\x5B\x67\xFD\x44\x39\x54\x3D"
"\x66\xA0\x04\x2B\x70\x42\xD2\x66\x74\x7F\xF0\xFF\x45\xDE\xFC\x5A\x03\xBC\xBD\x1E\x4E\x45\xB0\x10\x20"
"\xE1\x83\x16\x0D\x4D\x49\x30\x58\xA2\x14\xB7\x63\x06\x80\xF2\x25\xC4\xC3\x8C\x9E\x30\x53\xA1\xDA\xCC"
"\xCB\xC9\x14\x95\xFA\x2B\xDC\x08\x65\x93\x9A\x4A\x2D\xC3\x69\x96\x5B\xB8\x24\x85\x5D\xF3\xD9\x09\x01"
"\xDE\xA8\x84\xE8\xB6\xAA\xE5\x5A\x9D\x7B\xD3\x73\x11\x31\x91\x58\x0B\xEA\x3D\x10\x54\x49\xA0\x81\xCA"
"\xF2\x9F\x43\xDF\x13\x16\x86\xA5\xE7\x86\x56\xD1\xC3\x3E\x94\x58\xA7\x12\xB6\xBC\x22\xAD\x50\xBA\x0F"
"\x50\xC4\x1E\x0F\x2A\xE0\xD7\xA4\xAB\x85\x35\xA5\xCE\x56\x52\x8F\xD1\x08\x6D\x31\xAF\x6D\xC1\xD8\x58"
"\x2A\xA5\x84\x03\xE8\x10\xDB\x43\x89\xE2\xE1\x8A\x26\xE3\xC6\xA4\xC6\x09\x71\xA7\xC7\xB2\x1E\x62\x64"
"\x5A\x11\x2B\xC7\x02\x46\x0B\xDC\x14\xA8\x1D\xEE\xB0\x7A\xC6\xFA\x2E\x7D\x21\xEF\xA5\x85\x20\x95\xC2"
"\xD8\x54\x70\x00\xED\xBA\xBA\xF2\x77\x0C\x32\x34\x6D\xB7\x93\xAA\x26\x65\x71\x2F\x34\x26\x67\x7E\x0D"
"\x96\x7A\x88\xF7\x34\x16\x48\x28\xB2\xA3\x6D\xE7\x48\x0A\x33\x17\xAF\x0E\x2D\x6C\x35\x79\x10\x1E\x9E"
"\x19\x4C\x02\xEA\xE2\xCF\xBE\x88\xEC\xC5\x04\x6F\x5B\xCD\x6B\x7B\xDB\x08\xEF\xCF\x64\xE4\xB6\x2A\x6F"
"\xD4\x19\x95\x1C\xBF\x03\xFA\x8A\xA8\x72\x36\x7A\xA0\x3A\xA0\x8D\x0F\x86\x94\x0E\x10\x63\x3E\x97\x54"
"\x76\x36\x96\xF6\xA0\xFD\x44\x8E\xF4\xD1\xC7\xFB\xCD\xA1\xB6\x77\xDE\x45\x76\xC9\xEF\x2A\xD3\x70\xAC"
"\x6A\x73\x57\x59\xEF\x1B\xFD\xDB\x9C\x0C\x46\x7A\x74\x2F\xBE\xB0\x8F\xA5\xB0\xD5\x93\x29\x5E\x99\xD2"
"\x47\x4F\x93\x5B\xEA\xAF\x0B\x94\xA7\xBC\xE4\x12\x8C\x75\xEC\x42\x18\x12\x36\x52\xFF\xAD\x13\x9A\x5B"
"\x47\x6E\xB7\xD1\x0F\x5C\x00\xB9\x69\x9C\x69\x50\x12\x1A\x0B\x83\x60\x88\xA1\xEA\xF1\xFF\x30\x52\x4D"
"\x0A\x85\x9E\xAE\x04\x02\xAA\xF0\xE4\x5A\x6F\x30\x5F\x94\x04\xBE\xD8\x9C\x01\x76\x56\x6F\x5D\x89\xF0"
"\xA2\x4A\x94\x84\x49\xA1\xD2\xA4\x3E\xA0\x94\x40\x30\x41\x7D\x79\x71\xE3\x53\x9A\x09\x39\xCC\xC1\x2F"
"\xEA\x15\x09\x7D\x74\x65\xFF\xA1\x9F\xA0\x9D\x7D\xF8\x28\xD4\x8F\x33\xC4\xFD\x56\x30\xE4\xC7\xCE\x51"
"\x4D\x15\x2C\x8E\xEA\x8D\x93\x29\xE4\x2E\x95\x2D\xF9\x42\x7A\x61\xEB\xEB\x79\xAA\x90\xF8\x26\x58\xDC"
"\x6A\xE4\x50\x96\x3D\x25\x69\x2E\x91\xA3\x64\xED\x06\xDD\x4E\xD1\xE8\xD5\x91\x1E\xEF\xD9\xF7\x83\xC8"
"\xAB\x3D\xFE\x18\xC2\x71\x04\xA3\x6C\x1C\x72\x10\x8B\xD3\x4B\x48\x3F\x63\x38\xFA\xA4\xF9\x7C\x65\x7D"
"\x0C\xB5\x0F\x77\x64\x1C\x5D\xCA\xE1\x4C\xB9\xB9\x2B\x8F\x16\xFA\x5A\xEB\x92\xC4\x2A\xFD\x25\x77\x9A"
"\x14\xFD\xBC\xC7\x12\xF5\x9E\x84\xF9\xD9\xF8\x26\x18\xE4\x4C\x69\x42\xBA\xDF\xFA\x5D\x69\x5F\xE2\x6E"
"\xB3\x32\x81\xD4\x1A\xB4\x35\x2F\x89\x84\x48\x77\xBB\xBC\x90\x51\x13\xD2\x48\x81\x37\x45\xFB\x41\xD6"
"\x1B\xAA\x4D\xE9\x3F\xED\xDC\xC3\xB6\xE7\xD3\x1C\xE1\x79\x57\xF4\x13\xD2\x7D\x68\xA8\x18\x1A\x98\x2C"
"\xDB\xD9\x3E\x39\xEA\x43\x0C\xEF\x1A\xC5\x5E\xA6\x3C\xA0\x84\x66\xE6\x76\x1A\xC0\xF8\x33\xB8\x20\xCE"
"\xC4\x66\x05\x7C\x39\x23\x11\x34\x02\x0F\xB8\x01\x35\xB6\xF8\x34\x3D\x73\x99\x66\x5A\xA3\xBC\x6A\x07"
"\x6F\x14\xD6\x89\x9A\x74\x37\x36\x44\x76\x85\xDA\x63\x03\x3E\x7D\xD8\xF8\x64\x69\xB5\x97\x33\x36\xD5"
"\x63\x0A\x26\x14\xDA\xC0\xA8\x0F\x0C\x97\x29\x66\x78\xF6\x62\xEA\x6B\xEB\xD6\x95\xC3\x4B\xAA\x79\xC0"
"\xF2\xE5\xBA\x5C\x1B\x68\xFE\xB9\x90\x65\x40\xFD\x50\x57\xE2\x65\x3B\xE7\xD1\x75\xE7\xD7\xCA\xAE\xDE"
"\x2F\x41\x8C\xC6\xDE\xB4\x92\x4B\xE7\x72\x99\x4D\x0E\xC8\x5C\x38\x47\x34\x3B\x25\xE3\x9A\xE7\x0D\x2D"
"\xE8\x36\x7B\xBB\x26\x6A\x9F\x50\x3D\x93\xAE\x71\x08\x4F\xE2\xCD\xAC\xA8\x9F\xEC\xA2\xE4\xE4\x97\x21"
"\x4F\x12\xB1\xBA\xF0\xD5\x55\xEB\xBB\xD9\x08\x90\xC3\xA9\x8B\xC9\x9A\x49\x1B\xE9\xB1\x07\xAF\x26\xA8"
"\x11\x08\xA8\xDA\x32\xF1\x78\x58\x4E\x10\x87\x68\x8C\x5D\x88\xE6\xBE\xFF\x80\xE6\x8F\xBD\xD2\x97\x6B"
"\x84\xBC\x96\x36\x9D\x12\xE0\x18\xF5\x9A\xC3\x38\x70\x08\x7E\x95\x96\xE0\x65\x54\x96\xFD\x4C\x81\x27"
"\xAB\x33\xB2\x1D\x09\x2E\x39\xBC\xBD\x92\x84\x68\xF1\x30\x9A\xCA\xD4\xB2\xA3\x43\x38\x9C\x25\xF9\x53"
"\x70\xBB\x3A\x84\xA8\xDB\xE3\x74\xBD\xB9\x04\x3A\x8D\xB7\xCF\xE7\x15\xC0\xFD\x6E\xB5\xF9\xA2\x0A\x49"
"\xEC\x15\x79\x19\x14\x27\xC1\xE9\x4D\x57\x6A\x61\x22\x15\xFC\x07\x35\x25\xAF\xE6\xCC\x10\x3C\x05\xA4"
"\xE0\x01\x29\x1D\xCE\x91\xA6\x52\xFE\x99\x44\x38\x0A\xB7\xC6\x9D\x1E\x3A\xC2\x45\x8B\x81\xBC\x2A\xD3"
"\xAE\x15\x88\x4B\x8C\x9E\xE0\x97\x7E\xA3\x4C\xDD\xD2\x2F\x8E\xA8\xAB\x78\x82\x9A\x6A\xC4\xCF\x82\x14"
"\x37\x0B\x42\x0C\x6B\x17\x57\x78\x04\x97\xBA\x09\xD1\x75\xCC\x98\x33\xDC\xA4\x1F\x3D\x68\x15\x17\xC0"
"\x89\x6F\xF5\x3D\x49\xEC\x10\xFE\x03\x82\x67\x1F\x1C\xF5\x81\x7C\x18\x24\xB3\xB3\x06\xD7\x47\x26\x5C"
"\x09\x84\x62\x8B\xEA\x98\x7D\xC4\x5F\x87\x73\x8E\x2E\xF0\x98\x8E\x43\x2D\xEA\x9E\xD7\x64\x28\x98\xCE"
"\x30\xAC\x00\x3C\x70\xF3\xDF\x51\x15\xA9\xDB\xB6\xB3\x97\x8C\x58\x55\xBA\xF8\x6C\x8F\x5C\xEE\xE4\x72"
"\x50\x2B\x06\x28\xC0\x85\x21\x1A\xA3\x11\x5B\x9D\x42\x87\x74\x53\x6A\x48\x82\x9E\x8E\x9C\x7F\xB4\x14"
"\x69\x89\x6F\xCE\x56\xA8\xBC\xCC\xEC\x52\xD8\x78\x1E\xC9\xB2\x59\x52\x87\x23\xC1\x9B\x84\x34\xAB\xF6"
"\xB5\x77\xA8\xD6\x0F\xF6\x36\xC7\x0B\xC5\x2A\x1F\x95\x84\x5A\x33\xA1\x10\x54\xD1\x66\xDE\x85\xAB\x6D"
"\x46\x01\x37\xA0\xD2\x44\x6A\x19\x00\x89\x6A\x24\x33\x53\xE6\x01\xFF\x7E\xAB\x90\xA8\xB7\x24\xBD\x93"
"\x1A\x42\x6E\x9B\x68\xA5\x0B\x19\x4F\x78\xB2\xD9\xCC\xC6\x43\x9F\x88\x88\x27\xDA\x04\x56\xA9\xC4\x44"
"\x0A\x7F\x37\xC9\x26\x1E\x98\x25\x6A\x7A\x31\x33\xF4\xBA\xF6\xC0\x6E\x9B\xE8\x22\x8C\x4B\x73\x08\xC6"
"\x8E\xDF\x24\x4A\xF0\x8A\x1A\x89\x6B\xE0\x96\x2A\xA0\x46\x10\xE5\x8A\x25\x7F\x31\xA1\x4D\x11\xF1\x5A"
"\x32\x9D\xEE\xD1\x6B\x59\x13\x00\x26\xC0\xA6\xB1\x72\x30\xEC\x28\x74\xC5\xE9\x97\x27\x0B\x86\x0B\xA7"
"\x92\xE9\xB6\x7C\x60\x33\x96\x35\xE8\x8A\x9A\xDB\x65\x1C\x6B\x95\x95\x4A\xFB\x5C\xA1\xF3\xA7\x2A\xB5"
"\xA6\xDA\x55\x6A\x6C\xC2\xCC\x38\x20\x39\x0E\xDB\x80\x24\xB2\x2A\x08\x4C\xED\x6E\x25\xB2\x9C\x61\x0D"
"\x27\x15\x8E\x07\x6D\xAA\x25\x3F\xAD\x7D\x23\x68\xC0\x17\x9B\x1A\x6E\x1B\xA8\xAC\xE0\x01\x67\xB3\x4D"
"\xD5\x0A\x41\xC2\x91\x70\x79\xA3\xD1\xBD\x84\x7B\x52\x2D\x8D\xD8\x2B\x83\x5F\xF3\x15\x9F\xD8\x73\x59"
"\x12\x80\x67\xA3\x96\x0B\xA3\x5C\xF2\x82\xBB\xEA\x15\xEC\x4B\x0E\x62\xF9\xF8\x19\xF4\xB0\xCE\x84\x4E"
"\x82\x0B\x2F\xF0\x7B\x6C\xD5\x62\xD6\x8D\x13\xE5\x34\x74\xE2\x92\x71\x20\x28\xB2\x73\xD9\x5B\x3D\xDA"
"\xFD\x2A\xD0\xC9\x5B\x26\x56\x4A\xBA\x38\x4B\xBD\x6C\x67\xBA\x71\xD8\x19\xE2\x9D\x24\x1B\x56\xFA\x57"
"\x3A\x80\xFE\x83\xA0\x4E\x94\x79\xDC\x05\x68\x3B\x03\xC5\x54\xA8\x9E\xAE\x39\xBF\x9D\xAF\x1A\x75\x8C"
"\x47\xBE\x22\x1C\x4D\x0F\xB3\x59\x45\xA6\x10\xF9\xD0\x4C\x8C\xAD\xC4\x27\xD5\x21\x18\xCB\xC5\x31\x53"
"\x75\xAD\xA5\x6E\x49\x3E\xC6\xA7\x66\x12\x0D\x49\x5D\x1E\x6B\xE7\xCF\x29\x8C\x23\x16\x27\x5A\x59\x2E"
"\x68\x3A\xDB\x28\xAA\x32\xDE\xC7\x82\x0A\xCC\xD0\xAE\xD4\x43\xD7\x37\x5E\x2F\x95\x14\xF5\x2A\x94\x53"
"\x0D\xAA\x43\x58\xDE\x80\x71\x98\x09\xAB\xBC\x35\xB0\x9E\xC9\x64\x83\x19\xC9\x7C\xF3\xD3\x7A\x1A\x3E"
"\xA8\x2C\xB3\x47\xC7\xF3\x28\x23\xC4\xB1\x49\xCC\x35\xB2\x16\x9E\x94\x09\x1F\xB8\x6A\xAA\x1C\xAF\x83"
"\x1C\x2C\xAF\xC9\xB8\x6A\x48\xCA\xA8\xC6\xC2\xA2\x2E\xC8\x02\x57\x0B\x70\xA9\x15\x44\x46\x92\x23\x86"
"\x84\x90\xCF\x95\x93\xE1\x0F\x0B\xC5\xC5\x10\xD7\x38\x28\x22\xF0\xD7\xBB\x14\x81\x82\x39\x58\xEC\x51"
"\xAB\x2A\x85\x52\x4B\x5B\x05\xAD\x2C\xDD\xDF\x0D\x2D\xA6\xFB\xA3\x5C\x25\x68\x6D\x69\x96\x71\x6A\x29"
"\x45\xDA\x7E\x3B\x92\x78\xCB\xE4\x14\xD4\x51\x2D\x55\x9E\x11\x8F\x44\xA5\xC1\x93\xF4\x53\x42\xDC\x03"
"\x38\xE2\x74\x49\xF5\x8B\x5D\xE0\x95\xF4\x29\x46\x0A\xC4\xFA\x90\xF1\xA0\x1A\xD4\xA8\x55\x34\xF1\xDD"
"\x2C\x27\xD5\x5A\x39\xD4\x26\x0E\x1F\x72\xF2\x30\xC3\x76\xB4\xD2\xEC\xC6\x01\xD7\x63\xBF\x99\x53\xFA"
"\x03\x92\x2A\x35\x17\x37\x9C\x44\xDC\x1E\xC6\x6C\xEF\x52\x75\xD5\x1C\x51\xD4\x2A\x0B\xA8\x53\xC2\xA8"
"\x77\x60\x5C\x9A\x79\x5B\xFA\xF1\x8D\x14\xA8\x08\xE2\xEC\x29\x04\x1D\x99\xC1\x96\x9A\xA9\xB7\x1D\x0E"
"\xA8\x40\x1A\x75\x4C\xE4\x61\x02\x12\x56\x5A\x8C\x71\xFB\x1D\x5C\xC8\x5B\x15\xD4\x79\xAB\x87\x1D\x31"
"\x54\x60\xC5\xD4\xE8\x1D\x11\xCD\x98\xA9\x94\x66\x70\x77\x8C\x15\xAD\xA8\x93\x62\x66\xD0\xD6\xE0\x9C"
"\x38\xF5\xA9\x47\x90\x60\xC6\x81\x2D\xC3\xB4\xA2\xDD\x66\xDB\xCC\x09\x92\x8C\x39\x42\xA1\x13\x51\x28"
"\x20\xEA\xEC\x1B\x53\xFB\xCE\x37\x1C\x05\x5A\xDD\x65\x24\x1F\x66\xAA\xD6\x3F\x70\x8E\x88\x89\x3A\xFD"
"\x01\x17\xA1\xE4\xA5\x5A\x90\x40\xAC\x96\x81\x30\xD3\x54\x92\xE9\x0D\x44\x9D\xA5\x9D\xB5\xC7\xAC\x20"
"\x4A\x7F\x5C\x0D\x04\x45\x3E\xCD\x80\x35\x26\x31\xB7\x4B\x4E\xD5\x6A\xCF\xE6\x16\x4D\xD4\x8F\x5C\x6F"
"\xA9\x8A\x67\x98\xD5\x03\xFF\x24\x5E\x47\xE4\x6E\x75\xB5\x45\x83\xDB\xE8\x0C\x9C\x8B\xC0\xE4\x9B\x1A"
"\xCB\x4D\x1D\xD3\x79\xCC\xF7\x90\x86\x18\xF8\x30\x03\x90\x2E\x0B\x88\x7A\x59\x4F\x01\xBF\x6C\xFE\x42"
"\x24\x25\xEF\x54\xF1\x4B\x63\x94\x89\xDD\x3E\x35\x0F\xB1\x2B\x98\x97\x0A\xBE\x43\x2E\xAD\x68\x2E\x8B"
"\x63\x39\xB2\x7D\x95\x71\xE9\x9C\x9B\xD8\x63\x76\x68\xDA\xAD\x49\x63\x2A\xE4\xB4\xFF\xF2\xAC\xCF\x6E"
"\x41\x89\x4D\x9B\xBB\x65\x15\x63\x18\xAB\x24\x81\x42\x39\x5D\x6A\x27\xDE\x33\x39\x4E\x6D\xAE\x70\x14"
"\xC7\x17\x03\x1A\xEA\xF0\xA2\xF1\xD1\x78\xC2\xCD\x4C\x33\xFE\x3D\x9C\xEE\xC9\x5D\x4B\xD2\x43\x86\xAD"
"\x4D\x23\xF8\x4E\x25\x87\x69\xCC\x73\x31\xCB\x07\x8D\xA3\xFE\x38\x1D\x5A\x76\xC1\xA5\xF6\xA7\xF8\xE6"
"\xA6\xD5\x6A\x43\x35\xF6\x40\x25\x3F\x28\x4B\x4E\x72\x33\x56\x88\x94\x36\x93\xD1\x3C\x4E\xF3\x28\x27"
"\x83\xAF\xF6\x24\x78\xC6\x84\xB8\x18\xB2\x04\x7A\x60\x1D\x80\x66\x33\x4B\xA9\xE6\xEC\xA4\x70\x9B\xAE"
"\xA1\x03\xBC\x3A\x7A\x0E\x66\x67\x7A\xC0\x44\x8C\xE7\xFA\xC2\x0F\x91\x24\xB9\x87\xD1\xB3\x6B\x17\x20"
"\x96\x78\xA2\x69\x27\xA1\x40\x68\x2A\x80\x82\xEA\xB4\xB2\x89\xBD\x18\x0C\x10\x9D\x0E\x5A\x54\x4B\x49"
"\xA0\x5F\x8C\x25\x30\x7B\x63\x33\xD9\x22\x4C\xB2\x67\xFB\x9D\xA8\xE5\xD4\x50\xB9\x68\x0E\x91\x23\x6B"
"\xF7\x62\xCA\x23\x87\x45\xD1\x95\x24\x7E\x64\xC0\x97\xA2\xD2\x2C\x9D\x87\x9A\x33\x9D\x91\x52\xF6\x2B"
"\xF8\x47\x68\x95\xFA\xFD\xC1\x4A\x24\x23\xAA\x64\x42\xD1\xF2\x5C\x6B\x9C\x1B\xAC\xB9\xFE\xCC\x23\x7B"
"\xD7\x04\x5F\x2B\x4A\xEF\x24\xC3\x76\xA3\xBF\x27\x4D\xC5\xD2\x5A\x4E\xF4\x78\x7A\x6C\x49\x97\x64\x80"
"\xFB\xA3\x0E\xAB\x7C\xEA\x3A\x91\x2E\xE8\xBF\x12\xE2\x99\xCC\x71\x2C\x80\xBB\x28\x2C\xAE\xEB\xEC\x47"
"\xCC\xDC\x33\x95\x9D\xD1\x66\x73\x99\x87\x18\xED\xBB\xC6\xC2\x6E\xA8\x9E\x88\x84\x83\x8E\xEB\xC0\xCD"
"\xE5\x13\x58\x44\x89\x72\x08\x4C\xBE\xF1\x72\xB7\x13\x83\x2E\xFF\xD0\x91\x2D\x26\x47\x49\x07\xAA\x5D"
"\x2F\x6C\x38\x8C\xA2\x2B\x2E\x7C\x5B\x19\xE9\xA6\xF4\x52\x64\x81\x11\x80\x6E\xCC\x2E\xDF\x0C\xC2\x68"
"\xB0\xC6\x98\xBA\xD6\xD6\x37\xA3\x35\x54\xE1\x1F\xF3\x2B\xF0\x79\x74\x37\xC3\x37\x26\xF5\x7B\x27\xB2"
"\xBD\xBD\xF3\x63\xA8\x62\x52\xA6\xB6\x1F\x1A\xAD\xC4\xE8\xFF\x86\x44\xB4\xB7\x24\x4F\x1E\x46\xD3\x50"
"\xBE\x5D\xE2\x59\xAF\xFF\x64\x0B\xD9\xD2\xC7\xAD\x9F\x76\x29\xA4\x51\xAF\x30\x68\x56\xBF\x0E\x1C\x9A"
"\x3C\x03\x5B\x61\xDC\xB5\x88\x69\x3B\x8E\x6C\x48\xDA\xD5\x63\x29\x62\xC3\x53\x07\x41\xBB\x62\x61\xD9"
"\x4C\x88\x3B\x6E\x41\x79\xE4\x49\xEF\x38\xA2\x29\x7D\xC8\xF8\xBA\x50\xCB\xC2\x4E\x65\xE8\x7E\xC7\x72"
"\x92\x90\xCB\x0C\x31\xDC\xC4\x5A\x5F\xBB\x93\xDF\x3B\xC9\x18\x8A\xDE\x9A\x55\x64\xBE\x18\x00\x3D\xB5"
"\xB2\x37\xA5\xDC\x03\x28\xD8\x22\x5F\x24\x29\xA6\xDA\xA6\x0E\x91\xC5\x46\x85\x1F\x9C\xB2\xE2\x3C\x79"
"\xA7\x60\x65\x7A\xDE\x9D\xEA\x73\xA1\xE5\xFB\xAC\x93\x63\xBA\xB9\x58\x37\x69\x6F\x4C\x19\xBB\x7B\xA7"
"\xB8\x5E\x65\x78\xE2\x25\x3D\x65\x24\x1D\x5F\x1C\xA7\x4A\xBB\xB4\xA8\x64\x04\x4C\x01\x8F\x03\x9A\xAB"
"\xD1\xA2\x93\xB6\xF4\xE8\x9B\x14\x6E\x8A\x7D\x2B\xCE\xF0\x51\x3E\x9B\x45\xC7\x0C\x18\xB1\xAD\x44\x8D"
"\xCB\x41\xE5\xF3\xA6\x9A\x39\x4C\x49\x47\x23\xBC\xC1\xE8\x0A\x39\x89\x6F\x14\xDA\x06\x3B\x67\x30\x85"
"\x82\x3C\x86\xE7\x5D\x34\x22\xF9\x18\x7F\x51\x6B\x15\x79\xF8\x07\x59\xB9\xE8\x65\x1E\x96\x8A\x99\xB4"
"\x2C\xF9\x10\x4E\x4F\x9A\x94\xC7\xDF\xBB\x14\xF1\xAB\x7A\x71\x01\xA2\x25\x92\x2A\xD9\x4D\x47\xCA\x34"
"\x04\x62\xD4\x4A\x76\x30\x59\x57\x39\x42\xBF\x15\xD0\x8E\x5F\x63\xA3\x3A\xFC\x2F\x08\xE0\x9E\x01\xC0"
"\xD1\xBA\xD5\x23\x6F\x60\xE8\x92\x31\xE5\xA0\x96\x4E\x3B\x0F\x2E\xC8\x82\x07\x4A\x8B\xCB\x29\x6B\x59"
"\xCC\xAD\xE3\xDC\x8A\x28\x7E\x99\x2B\x19\x92\x27\x25\xEA\x88\x2A\xD8\xE6\x3A\xC4\xCA\x9C\xBC\xD0\xD9"
"\x6D\x1F\x21\xFA\x52\x4B\xE1\x39\xEC\xEC\x4E\xB7\x26\x72\x25\x23\x64\x1F\x7A\x18\x3E\x5F\x62\x87\x7A"
"\x22\x49\x18\x73\x25\x44\x54\x2C\x65\x1B\x88\xF9\xB0\x8A\x08\x3B\x4B\xA4\x63\x67\x34\xF1\x08\x43\xC3"
"\x50\xAF\x4D\xA3\x40\x2A\x48\x4D\x44\xC1\x31\x3F\xD9\xEB\x21\xA3\xD6\xC5\xE6\xD0\xF9\x06\x4C\xC7\x0A"
"\xFD\x4A\xC2\x96\xAB\xC7\x0F\xA5\x37\x7E\x35\x32\x6C\xAB\xC4\x1E\xC5\x81\xE3\x68\x8F\x69\x76\xEB\x0C"
"\x5F\xD4\xCA\xD4\x72\x08\x59\x69\x50\xB9\xA5\x01\x3C\xD5\xE5\xBF\xC1\xE4\x5B\x7A\x67\x6D\x29\x36\x24"
"\xAB\xF6\x64\x54\x06\xF8\x8E\x61\x3F\x13\xC3\x94\x6D\x17\xAD\x99\xDE\x5E\x81\xA8\x6D\xBB\xC3\xD7\x59"
"\xB0\xD6\x5F\xFC\xC4\x0A\x62\xD5\xB2\xB4\xCC\x5D\x57\xF0\x10\x6B\x0B\x39\xE0\x98\xF5\x4B\x44\x75\x94"
"\x02\x7D\x2C\x7B\xE6\xAF\xA8\x12\xAA\x37\xEC\xD7\x81\x2E\xCE\xA4\x15\x7F\xB2\x94\xE1\xC6\xC5\xC7\xCB"
"\xC8\xD0\xC2\x77\x72\x27\x7A\x1C\x92\xDC\x02\x85\xB6\xF4\xED\x23\x48\xBB\xE9\xEE\x88\x33\x9C\x82\xB7"
"\x40\xCF\x11\x36\x24\x70\x0D\x25\x10\x24\x9A\x56\x2A\x07\x9A\x2D\x4E\xB3\x03\xB5\xDB\xE4\x88\x2D\xE4"
"\xE7\x48\xB6\x82\x32\x8D\x6B\x83\xCB\x00\xAC\x11\x56\x0F\xC9\x19\xED\xD1\x74\x40\x49\x37\xA2\x3A\x4C"
"\xCE\x62\x59\x2F\x28\xB0\x74\x68\x44\xBB\xE5\xB7\xD7\x57\x9D\x35\x69\xCF\x38\xAE\x79\x78\x26\xE4\x8A"
"\x4A\xE1\x4B\xB0\x47\xF6\xEF\x19\xD6\x20\xED\xC0\xF8\xBF\x2A\x55\xDD\xAC\xC8\x2D\x29\xEC\x11\xC8\xA6"
"\xF1\x5A\x25\x79\x49\x86\xB6\x20\xC1\x1F\x77\x94\x82\x29\x8B\x12\x24\x57\x04\x03\x0B\x71\xD1\x96\x74"
"\xCC\x4B\xF9\x35\x6A\x7E\xC9\x9B\xD7\xA8\x25\x08\x91\x62\x1D\x99\xE2\xA1\x21\x5B\x14\x2A\x3F\x59\xAC"
"\x1C\x7A\x75\xD4\xF3\x4B\x71\xA2\xC4\xD3\x32\x2F\x92\xC4\x2C\xD6\xA3\xE4\x95\x4F\x23\xFF\xCC\xB5\x38"
"\x2B\x12\x66\x5D\xC3\xDD\x38\xD5\x9C\x45\x90\x5F\xBA\x7E\xCB\xD1\xD1\xEB\x90\x5D\x3F\x79\xF9\x2D\x66"
"\xBA\xB7\x0D\x7A\x97\x62\x2A\x8F\xC3\x67\x7B\xC7\x66\x19\x32\x51\x47\xA8\x39\x3E\xD3\x0D\xB1\x08\x93"
"\x46\xBE\x68\x71\x75\x88\x5E\xEC\x2F\x21\xA6\xBB\xD7\x41\xAE\x0A\xC7\xFE\x7E\x26\x9F\xED\xD9\x44\x87"
"\x01\xC2\xB8\x59\xB1\x33\xEB\xB7\x3D\x22\x90\xB4\xD8\x27\x7F\xFC\x90\x89\x4A\x44\xEE\xA8\xD5\xCB\x88"
"\xE9\xAC\x4C\xDF\xA2\x0A\x24\xFF\x26\xC1\x8A\x36\x17\x57\x38\x8C\xF5\x5A\x22\x51\xA9\x30\xCD\xCA\x72"
"\x62\x2B\xBC\xAC\x85\x0B\xE7\x25\x4E\xFC\x20\x7A\x5A\xE3\xE1\xF9\xF5\x04\x59\x7A\xE5\x39\xB2\x42\x87"
"\xD8\x7B\x86\xB8\xD1\x36\x11\xC5\x88\x08\x92\x4B\xAB\x13\x83\x49\x38\x81\x55\x40\x34\xA1\x81\xE9\x0D"
"\x3A\xAA\x2B\xAF\x56\xE2\x8F\xF1\xBD\x3B\x79\x90\x29\xE3\x5D\xB0\xA6\x6A\x74\xC1\xB0\x48\x72\xBF\x20"
"\xF8\x99\xA0\x90\x49\x63\xF4\x60\x38\x8B\x50\x63\xA2\xB4\x9F\x27\xF9\xC6\x65\xF4\x9B\xC1\x74\x0C\x8D"
"\x37\x1D\x42\xE6\x37\xC5\xDB\x6B\x01\xBF\xF2\x68\x3F\x2F\x9B\x16\x09\x93\xCC\x22\x71\xB9\xC2\xA3\x47"
"\x68\xD2\xE7\x33\x9A\xD3\xDA\xA6\xE2\x74\xEE\xCA\xFC\xA8\xC4\x46\x03\xCA\x73\xA0\xF1\x88\x06\x8E\x0F"
"\x34\x73\xAF\xF3\x2D\x0A\x81\x39\x45\x92\x42\x57\x01\x54\xE3\x48\x99\x89\xAF\x10\x7A\xA3\x15\x9D\x80"
"\x42\xA3\xF5\x15\xD2\xED\x5F\xCE\xF4\xA9\xB2\x91\x91\x09\x54\x2E\x9A\x8E\xE3\x3C\x5E\x5C\x6F\x98\x95"
"\x73\x1D\x34\xB7\x8C\x4C\xEE\x06\xF6\x11\x77\x31\x95\x20\x39\x1D\x9E\xB9\x1E\xF8\x55\x67\xAE\x55\x89"
"\xE2\x91\x2C\x5C\x62\x52\x9E\xC8\x42\xE8\xC8\x9A\xDD\x8E\x54\x50\x6A\x8A\xCD\xEF\xCE\xF6\x03\x3D\xA8"
"\xF4\xCD\xE9\x12\xA9\x60\xAF\xDE\x17\x6D\x98\x98\x28\x76\x9C\x83\x34\x57\x4E\xAE\x8B\x85\x4E\xD0\xB8"
"\x80\x16\x4B\x48\x3F\xEE\x5C\x3A\x6D\xD4\xBB\x3A\x35\x34\x9B\x1B\xD1\x19\x57\x94\x42\xDD\x45\xD2\x48"
"\x04\x5C\x2B\xEA\x3B\x31\x6E\x86\x25\x4B\x9C\x6F\x30\x54\x27\x98\x0F\xE3\xE4\x25\xE2\x95\xF5\x60\x9D"
"\x55\xEA\x87\xEA\x4A\xC9\x10\xEF\xA6\x3B\xE1\x13\xFF\x59\x66\xB8\x38\xDA\x91\x18\x62\xDD\x1A\x13\x19"
"\x15\xC1\x72\xA1\x1F\x8C\xF0\x98\xF2\xE4\x20\x03\x75\xC4\x29\x4A\x84\xC2\x0B\x6B\x2D\xB9\x32\x29\xF4"
"\xA6\xFA\xC6\xEC\x79\xAC\x0D\x0B\x51\xEC\xD0\x99\x9D\x76\xE8\x5F\x02\x0C\xE4\xE0\x3E\x57\xC2\x1F\x66"
"\x06\x1E\x10\x60\x4D\x59\xB9\xE8\x53\x1D\x7A\xB3\x7B\xB4\x0C\x0E\x97\x81\x8D\x99\x99\x26\x37\xA1\x18"
"\x5F\xE9\x2D\x34\xCE\x26\x9D\x8E\x66\xCB\xA8\x4A\x81\x90\xBA\x04\xC9\xC3\xDF\x00\xD1\x9E\xC3\xBC\x5B"
"\x81\x82\x1C\x35\x23\xAF\xAB\x79\x0B\x34\x02\x68\x81\x20\x24\x84\x30\x82\x94\x31\x4C\x2F\x35\xDB\x76"
"\xD6\x6D\xA1\x2F\xCC\x62\x5A\x4B\xF6\x9D\xB5\x75\x04\x39\xB2\x89\x38\xC0\x44\x84\x11\x2A\xEE\xC5\x6E"
"\x1F\xEF\xE8\x7B\x2C\x70\x8F\x6D\x1A\x96\x8B\x12\x7C\xA0\xDC\x9E\xD4\x66\x0C\x3E\xC5\xA1\xCE\x3A\xAD"
"\x40\x9A\x71\x58\x28\x27\x42\x7C\x9A\xD2\x71\xE9\x0A\x97\x6A\xEF\xED\x60\xA5\x29\x3A\xF2\xD9\x15\xC7"
"\x20\x44\xDA\x54\xA2\x51\x25\x61\x9D\x6B\x4B\x62\xF0\xB6\xC7\x3B\x4B\xE4\xE4\xA2\x32\xB2\x79\x03\x02"
"\xF6\x54\x2C\x4A\xF9\x72\x2C\x83\x3B\xA2\xD5\xD4\x3E\x1E\xE1\xDB\x35\x5F\x91\x7E\x3E\xF2\x16\xBB\xC3"
"\x9C\x64\x17\x95\x0A\xEB\x8A\x43\x38\x26\xB5\x7A\x33\x36\x9D\xD2\x8C\xC5\x2F\xE4\xF2\xD4\x7F\x77\x3A"
"\x7B\x8E\x5C\x7D\xF5\x8B\x26\xA0\xFC\x3B\x4B\xEE\x57\x0A\x21\x43\xC3\x4C\xA7\x32\x0B\xD1\x31\x0F\x0E"
"\x2E\xD9\xC5\x52\xDC\x23\x62\xCA\x30\x6D\xA1\xDF\xD3\xB9\x8C\x35\x39\x98\x39\x9F\x32\x84\xA1\x5B\xE6"
"\xF5\x45\x3A\x82\x7B\xF9\x4C\x56\x94\x54\xBC\x35\xB7\x41\x04\xA0\xDD\xCB\x79\xF2\x96\x73\xDE\x3E\xC1"
"\x2A\x32\x80\xD1\x62\xAC\x71\x82\x21\x4C\x32\x63\x0B\xF0\x49\x3D\xB2\xD4\x93\x8C\x7A\xEA\x92\xB5\x6C"
"\xE6\x60\xBE\xEA\x38\x6C\x66\x56\x22\xA5\xD0\x8E\x9D\xEA\xA0\xB1\x32\xCA\x27\xDE\xB1\x44\x04\x5B\xE7"
"\xC9\x92\xA4\x22\x4F\x15\x69\x1B\x61\xC0\xC4\x6C\x33\x9C\xA8\xF0\x16\xED\xDD\x5C\x3B\x8E\x33\x89\x6C"
"\x9D\x9D\x6C\xF8\x3A\x5A\xD1\xA4\xC4\xC2\x2B\xEA\xA8\x56\x53\x9A\xE8\x47\xA3\xA2\x17\x32\xF6\xF1\x1F"
"\x9B\xE7\x83\x9C\x52\x6B\x30\x68\x94\xB6\x5E\xC5\xAF\x08\xFF\x51\xA6\x5C\x7A\xF9\xA7\xF5\xFC\xBD\x58"
"\x88\xC3\x55\xC6\xD9\x09\x19\x0A\x8B\xB3\xF1\x37\x72\x88\x6B\xC4\x7E\xE7\x86\x1C\x63\x7B\x6D\xC4\x19"
"\x30\x90\xC4\x1A\xCE\x05\x02\x9E\xCF\x1C\x89\xD8\x20\x29\xDE\xB5\x4A\x88\x10\xFB\x70\x14\xE9\x42\x9B"
"\x93\x17\xCD\x57\x43\xB0\x3D\x8E\x21\x64\xA0\x75\x42\x83\x45\x6F\x40\x70\x2A\xE2\x27\x87\xF3\xD7\xBB"
"\xD6\x75\xEA\x4D\xDA\x70\x37\xDD\x4D\x77\x53\x9C\xD0\xD6\x5C\x94\x64\x23\x3D\x54\x88\x5D\xC3\xA7\xA5"
"\xD5\xF2\x4E\x8C\x75\x06\x1B\xA1\x53\x47\x37\x28\x5A\xDB\x7B\x0E\xCD\x17\xED\xA9\x75\x64\x56\x6A\x49"
"\x64\x3C\x40\x13\xCA\x3C\x04\x5B\x86\x72\x09\xBD\xB7\x93\x5A\xE3\x18\x51\x0E\x6E\xC6\xA7\xAC\x71\x89"
"\x45\x45\x71\xF6\x0A\x6C\xF9\xBE\x3B\xD1\x14\x65\x40\x7D\x8C\x89\x30\xCF\x66\xD0\x8D\xED\x38\xF9\x18"
"\x49\x4C\x89\x65\xAE\xB1\x2C\x45\x47\xE6\x36\x0E\xA8\x7F\xE7\x08\x77\x52\xD4\xCA\x14\x39\x4E\x77\xC6"
"\x49\x36\xFF\xD0\x9B\xD4\x68\x4F\xA8\x34\xBC\xA3\x70\xDF\xED\x3F\xD1\x28\x3D\x74\x9F\x87\x3C\x9D\x22"
"\xEA\xF0\xB6\xD4\xD2\x6E\x44\x76\x3A\x0A\x0F\x29\x59\x45\xB1\x60\xBA\x12\xD9\xF7\xAC\xEE\x54\xF2\x0B"
"\xD2\x45\x8D\xE6\x11\xCF\x48\xED\xA2\x05\x95\x07\x56\xF1\xEE\x79\x86\x02\xB1\x59\xD5\x37\x8B\xB4\x12"
"\x8B\x57\x78\x02\xCA\xAC\x58\x17\x52\x19\xA0\xC0\x1D\x6B\xEE\x62\x6F\xAF\xC3\x61\xBF\x7C\x90\xB4\xF7"
"\xB2\x35\xE0\x92\x7D\x38\x6B\x5A\xB1\x4A\x60\x5D\xB1\x96\xF4\x73\x4F\x18\xA9\x90\xD9\x2B\x64\xA1\xDB"
"\x74\x9B\x53\x4B\x85\x35\x94\x1B\x43\xD1\x9D\x88\xC9\xE1\x93\x02\x40\xE0\x9C\x72\xE8\xDD\x08\xD3\x45"
"\xD4\x64\x43\x1A\x47\xD3\xC5\x91\xCE\xD1\x77\xD1\xC3\x9C\x12\x3E\x5B\x87\xA9\xEB\x12\x28\xC5\x91\x49"
"\xA2\xD0\xA9\x67\x17\x9A\x92\x02\x41\x65\xA5\x2A\xDE\x6F\xA3\x49\x96\x91\x48\x8D\x8D\x92\x95\xD8\xD5"
"\x2F\xE8\x0B\xC3\x03\x6D\x58\x46\x1B\x8F\x6B\x23\x46\xCD\x9C\x94\x29\x1F\xA8\xB9\xC2\x3D\x9D\xCE\xD1"
"\xC3\xA5\xA9\xA9\x68\xCE\x55\x01\xBF\xCA\x4A\x85\x3F\xA9\xD7\x59\xAE\x9A\x4D\x09\x9D\x1A\xE6\x8E\x94"
"\x1E\x16\xDD\xD8\x62\xE2\x7C\x74\x09\x93\x2D\xDB\xCD\x84\x6C\x66\x22\xEF\xAC\x1A\x6A\x36\xC4\xBD\x13"
"\xA7\xC4\xAC\xA9\x85\xB3\xB9\x29\xD7\xDD\x64\x4A\x65\xAF\x78\x63\x04\x6E\xE6\x68\x27\x7A\x5B\xD7\x94"
"\x48\x80\xE7\x81\x5A\x9B\x6E\x0D\x32\x95\x37\xF7\x06\x51\x9F\x4F\xBF\x86\x54\x09\x31\xE5\x6E\x71\x9C"
"\xD3\xCE\xC9\x1A\xB7\xDC\xE2\x0C\x11\x6F\xA6\x50\x13\x20\xCF\xA5\x67\xB2\xA0\x7A\x6D\x47\xB2\x5E\x63"
"\x59\x59\x56\x57\xE3\x99\xE0\x75\x75\xC7\x9B\xFC\x61\x2B\x6C\xA0\xCD\x95\x05\xE7\x49\xC2\x0C\x3F\xD2"
"\x93\x7F\x9E\x4E\xAC\x66\x46\x63\x61\x5E\x42\x8F\x13\x1B\x21\xD2\xB2\xD5\x7B\x53\x4B\xF1\x06\x99\xC5"
"\x24\xBC\xE1\xFE\x17\xB5\x27\x17\x7E\x11\xF0\xDA\x18\x96\xCA\x1B\x06\xAB\x61\x39\xF0\x2A\xB3\x6C\xAD"
"\xCB\xE5\x84\xF5\xC8\x1A\xF9\xE2\xC7\xA3\xB0\x7B\x29\xD2\xE9\xE4\x83\x0B\x05\xBE\x0B\x1E\xB2\xC8\x33"
"\x99\xB9\x07\x9C\xBC\x39\x8E\xF9\x2C\xB3\x30\x8E\xBF\xA9\xC2\x3B\x3C\x74\x9A\xEC\xA3\x4A\x01\xD9\x31"
"\xFE\xCE\x46\x6C\xC6\xA5\xBB\xA9\x69\xCC\x34\xF5\xED\x6C\x02\x78\xD6\x25\xB4\x53\x88\x99\xE6\x81\x73"
"\x10\x8F\x08\x84\x85\xA2\xDE\x53\x21\x35\x75\xB4\x9F\x3C\x45\x55\xE6\x56\x7D\x88\xD4\x9F\x9A\x68\xFF"
"\x0B\x00\xD0\x02\x22\x1B\xE3\xE1\xA9\x8E\xFC\x47\xD6\x74\x1D\x4A\xEC\x58\xBD\xC7\xA3\x2E\x55\x60\xA8"
"\x62\x14\x84\xDA\x1B\x25\x32\x11\x53\x2C\x90\x28\x83\xDD\x10\x72\xC5\x8E\xDF\x12\xFB\x3A\xEF\xBC\xCA"
"\x6C\x98\xAD\x82\x63\xE5\xB9\x9E\xE1\xA4\xD0\x81\x7E\x8D\x62\xCB\xD2\x93\x5F\x45\x2C\x27\x73\x61\x44"
"\x9D\xEC\xC9\x71\x1F\xC3\xE1\x30\x91\x23\x0C\xFE\xCE\x6C\x4A\xA5\x40\x2F\x5C\xDF\x15\x02\xED\xE7\xC5"
"\xB5\xA5\xCD\xF8\x12\xCC\x88\xF0\xA3\x81\xAE\x0C\x66\x72\x14\x93\x3A\x57\x25\xBD\x45\x7E\x3D\xA2\x7F"
"\x27\x01\xD9\xCD\xCA\x91\xCC\x20\xB5\x0C\xB7\x34\x75\x01\x68\x44\x4E\xE6\x68\x9B\x4E\x53\xA5\xFC\x44"
"\x64\x1E\xDE\x33\xA1\x0A\xC4\xC9\x3C\xA2\x6E\x7B\x2C\xC1\xF2\x65\x8D\x4B\xF3\xAE\xCB\x1F\x3B\x3E\x88"
"\xB2\x37\x90\x1D\xA5\x80\xD8\x61\x99\xD9\x67\x25\xFF\xBE\x84\xB6\x3B\x02\x38\x48\xD6\x0A\xCA\xD5\x6F"
"\xEF\x11\x8E\xC3\x10\xC9\xDF\xE9\x91\x2C\x99\x69\x15\xB1\x14\x12\xCB\x02\x94\xC4\xD1\x5E\x5E\x83\x3E"
"\x1A\xA6\x7A\x0C\xB2\xB5\xCA\x23\xEC\xE3\x52\xAF\x6A\x4E\x0B\x68\x02\x01\xB7\xCC\x02\x98\x3D\x9A\xC2"
"\x06\xFD\x8F\x29\x93\xC2\x12\x56\x8D\x6A\x24\x6C\xD8\x4F\x99\xB4\x48\xEE\xB5\x70\xE1\xBB\x8E\x8D\xC2"
"\x30\x33\xB9\x15\x0A\x49\xB4\x20\xE2\xC8\x04\x98\xA5\xFF\x81\x06\xEB\x04\xD7\xD7\xBD\x91\xEC\x21\x54"
"\xC2\xC7\x93\x9A\x90\xE3\x3C\xCE\x75\x62\xF2\x54\x9A\x52\x7C\x2D\x9B\x78\xC5\x81\x14\x8F\xED\x24\x8C"
"\x4D\x91\x34\x23\x5C\x85\x03\x4D\xBF\x1C\x0B\x6E\xAE\xA4\xE4\x1D\xAC\x69\x79\x7F\x8C\x09\x14\xF2\xAC"
"\xC1\xAF\x99\x37\x5C\xC1\x90\x05\xCB\xA9\xA5\xA2\x3F\xF5\x0A\x84\xCD\x2F\x9B\x16\x01\x5F\x4C\xB3\xEB"
"\x46\x0C\x1D\x96\xEA\x89\xB6\x5D\x18\xFD\x64\x15\x68\x25\xDE\x79\xA9\xA2\xB0\xB5\x3D\x5A\xE8\xA5\x70"
"\x00\xE9\x37\x4F\x12\xA2\x1A\x66\x19\x13\x45\x33\xB5\x9B\x62\x11\xB3\xCE\x3A\xF1\x44\x18\xC7\xEC\x7C"
"\x9E\xE4\x50\xAD\xE7\xA6\x56\x53\x50\xBA\x83\xD8\x3D\xC1\x02\xE0\x8F\x9A\x42\x52\x92\x7C\xCE\x1D\xCF"
"\x78\xAF\xAF\xE0\xD2\x69\x66\x17\x5C\x63\xE2\xDD\x49\x68\x26\xB1\xA6\x13\xE9\x04\x48\x24\xD5\xE4\x6D"
"\x8F\xC8\x90\x23\xD6\x41\x5A\xC0\x32\x57\x57\x3B\xF9\xCD\xA2\x69\x87\xA4\x5E\x47\xE6\x1C\x59\x6F\xCA"
"\xFA\xDC\xEE\x4B\x20\x9C\xF8\x90\xA0\x1B\x8B\x28\xDB\x1C\xF6\x2A\x0E\xD0\x1A\x39\x3F\xDC\xF0\x6D\x40"
"\xB8\xBA\xC7\x55\xF8\x8D\x89\x65\x13\x57\x31\x4A\xC9\x44\x3A\x8B\xA4\x8F\xE3\x02\x64\x16\x8E\x45\x89"
"\x01\xC0\x17\xED\x44\xC2\x1C\xCC\x7B\x8C\x85\xDA\x53\xFC\xEA\x5A\x20\x7B\x32\x2A\x0E\xDC\xF8\x34\x28"
"\x77\x49\x58\xD6\x0F\xAF\x9F\xC4\xF2\xE1\x89\xCC\x11\x1F\x9D\xBD\x81\x62\xE7\x9A\x75\xF1\x2B\xC9\x44"
"\x33\x8B\x60\x17\xEC\xCC\x29\x03\x44\xB8\x46\x99\xB4\xC4\x2B\xF2\x55\x41\x0C\xA2\x2F\x6E\xD8\xE5\xB1"
"\xCB\x62\x6B\xE4\xBF\x17\x06\x95\x5A\x97\xB8\xAF\xB7\x75\x53\xAF\x6C\xAF\xBE\x90\xA5\x3F\xCF\x91\xAE"
"\x35\xFE\x05\x2D\xF0\x0F\xD5\x49\xCD\xA9\xB7\x67\xC9\xE1\x5D\xC3\x06\xB6\x20\x63\x26\x6D\xC7\xF4\x32"
"\x1B\xF2\xB2\xF3\xF5\x41\x64\x1A\xE3\x7D\xF9\x3C\x78\xC3\x68\x52\xB9\x07\x97\xC9\x75\x22\xBA\x7A\x66"
"\x58\xFB\xDF\xA9\x2D\x16\x96\x81\xA3\x58\x22\xEE\x56\x24\x6B\xBA\xA3\x46\x5D\xCA\x12\xCD\x46\xA9\xB1"
"\x10\xED\x90\xAA\xE7\xBC\x88\x0A\xB6\xF2\xFD\xB7\xDD\xC8\xEE\xCD\xD0\x5D\xBB\xD7\x63\x67\x44\x1D\x85"
"\xA3\xB5\x57\x58\x51\x26\xA6\x53\xF1\x63\xE1\x49\x3A\x54\x0E\x4F\xBB\x0F\x48\x37\xA3\x76\xFF\x6D\x34"
"\xE0\x86\x3B\x36\xDF\xA4\xBB\xFE\x73\xFA\x6B\x3D\x4E\x53\x6E\x26\x9E\xAE\xB3\x48\x4E\xA7\x26\x3C\x96"
"\x3F\xF3\x6B\xC6\xAD\xA7\x75\xD8\xE4\xB4\x7B\xE0\x1D\x6D\x90\x2A\xDA\xA5\x52\x1F\x75\xE6\x26\x16\xD6"
"\x8B\x0F\x58\x7D\x7B\x0E\x84\x55\xA9\xEB\xC7\x96\x43\x7C\x1D\x85\xC3\x48\x9E\x7E\x8A\x32\x0D\xE7\x48"
"\x50\x6C\x2E\xDB\xA8\xC3\xC0\x53\xCF\xEF\x44\x60\x18\x76\x38\xC7\x31\x82\x49\x95\x69\x5B\xBD\xB2\xAD"
"\x46\x5D\x36\xD0\x98\x90\x99\x3F\x69\x9A\x03\xBE\xDC\xEC\x12\x0F\xD6\xD9\x8D\x79\xB9\xAC\xE8\x88\x95"
"\x9C\x8F\x53\x4E\x30\xF2\x8E\x22\x31\xEA\x93\x84\x2C\x1E\xFC\xCC\x64\x87\x9E\x0B\x79\xD9\xBA\x76\x8B"
"\xE8\xFC\xC8\x6E\x68\x39\xA7\x55\x76\xD3\x5E\xAF\xA3\x89\x43\xA6\xD9\x79\x0B\xF2\x2A\x0B\x9C\x2C\x84"
"\xB4\x0D\x49\x4E\xC8\x7F\xDA\xED\x72\x3D\x57\x73\xD8\x2D\xFF\x33\xD8\xD3\xB5\xDE\xAD\xFB\xD6\x03\x9E"
"\x9F\x1D\x76\xD7\x51\x44\x3D\x00\x80\xAE\x0E\x19\x3B\xA5\x4F\x4B\xA1\x54\x6D\x37\xC5\x29\x56\x8F\x4F"
"\xDD\x30\x7C\x8A\x43\xCD\x13\xD7\x43\x78\xB7\x2D\xE4\x8C\xE5\x45\xB9\xB0\x19\x33\xAE\x80\xB5\xD7\x0A"
"\x6F\x61\x7F\x10\x37\xA8\xB4\x27\x40\xDE\x72\xCC\xF5\xD2\x09\xE1\xE4\x11\x2A\x6E\xD2\x94\x17\x34\x6D"
"\xB2\xDB\xF2\x72\xFB\x18\xB6\x52\x3F\xDC\xFB\xC7\x12\x22\x7C\x2B\x48\xE5\x5E\x46\x23\x89\x4E\xFE\x04"
"\x75\x1F\x22\x6E\x57\x36\xAF\xAC\xB5\x4D\xA6\x12\xA3\xE6\x19\x81\x10\xBB\xAF\xCC\x96\x53\x0C\x77\x2F"
"\x35\x7F\x6C\xDE\x54\x71\x31\x01\xF5\x1C\xCD\x8C\x79\x93\x37\x49\xCC\x60\xF7\xAB\x2F\xAA\xC1\x0C\x24"
"\x07\xC2\x62\x69\x65\x1D\x91\x10\xE3\x88\x7B\xAE\x4D\xB3\xE9\xBF\x1E\xC6\x1B\x82\xCA\x08\xE0\x6C\xA7"
"\xE3\xE4\xC6\x51\x11\x5A\x50\x77\xED\x7F\x2F\x3B\xBD\xD9\xDE\x32\x8D\xCD\xFA\x71\xF0\x1A\xE2\x35\x56"
"\x21\x76\x78\x34\x44\x8F\xDC\x00\x3F\xA6\x47\x10\xE6\x5F\xAA\xA6\x94\x59\x2A\x64\xCD\xA0\x63\x68\x9F"
"\x39\x8B\x95\x48\x42\x47\x17\xD5\x71\x35\x34\xCE\x04\x4A\x06\x5B\xB0\xE4\xB4\xF7\xA6\xCD\xE6\x39\xF7"
"\x42\x3F\x19\xF5\x36\x21\x5B\x4A\x2C\x13\xC1\x0C\xA7\x52\xA4\xCD\xB5\x7F\xB6\x87\xB5\xE2\x60\x23\xF4"
"\xC8\x24\xAB\xE3\xA3\x75\x80\x3B\xA2\xEA\xC0\xB9\x76\x99\xFD\x92\x28\xCE\x50\x5C\xC6\x8E\x12\xC5\x10"
"\xF1\xDC\xBD\x2F\xA6\xFE\xC9\x4D\x03\x99\xF6\x22\x90\xAF\xF2\x7C\x29\x0C\x02\xB4\x69\x29\xDC\x31\x07"
"\x5F\x37\xB6\xBB\x31\x4E\xAE\xC8\x94\xE2\x7B\x25\xC4\x7E\xCD\xCA\x54\x09\x24\x7B\xFD\x60\xD2\xDC\x5A"
"\x59\xA7\x1A\x34\x60\x67\xFA\x11\x49\xFE\xF6\x01\x6C\x60\xD5\x01\x1B\x4A\x27\x92\xD5\x92\x6E\xDB\x93"
"\x12\xE7\x22\x87\xAF\x83\x70\xD0\x34\x6F\x29\xCB\x68\x32\x72\x63\x94\x46\x14\xA3\xE8\x6E\x84\x1C\x3D"
"\x01\xC6\x99\xF4\xA6\x50\xA2\xAC\xEF\xD1\x16\x7B\xCB\x8E\x68\xC2\xB5\xB6\xA5\xB3\xE4\x64\xA0\xBA\xB4"
"\x81\x52\x7A\x1D\xBB\x66\xF9\x9B\xEB\xF0\xC6\x6B\xA9\x41\x14\x32\x97\x5D\xC6\xF2\xEA\xAF\xAD\x1C\x20"
"\x39\xB8\xB2\xFA\x29\x87\x1E\x10\xD7\x86\x9A\x4E\x34\xBA\x3E\xE8\x6A\xA7\xDE\x98\xB0\x21\xE7\x8B\xC7"
"\x56\x3A\x19\xE4\x6F\x44\xB1\xF4\x2C\x99\x37\xEF\x70\x2F\x3A\x8C\xA2\x87\x3F\x6E\x99\x61\x60\x1C\x94"
"\x21\x67\x59\x7D\x92\x8B\xFA\x4A\x93\xA5\x45\x7E\x39\x48\x1B\xC3\x7D\x8E\x35\x22\x13\xDA\x42\x3D\x89"
"\x04\x8B\xBB\x20\xC9\x11\x27\xBE\x68\xCB\x4C\x07\x11\x87\xA5\x2A\xAC\xC1\x89\x09\x43\x1C\x52\xF8\xE6"
"\xDE\x29\x87\xFB\x60\x19\x29\x6A\xA1\x2C\x7A\x9A\xC8\x28\x6D\xA7\xC9\x1D\xD7\x96\x30\xCB\x19\xD5\xA4"
"\xEB\x0B\x52\x87\xC7\x9D\x19\xE3\x35\x87\x4A\x33\xE7\x66\x72\x50\xAE\x1D\xA1\x84\xD1\x54\x6E\x47\x5A"
"\xE3\x89\x8B\xA3\x1B\x66\xE1\x06\xD5\x9B\xA2\xF9\xA5\x9A\x86\x8C\xE3\x56\x93\x48\xF1\x1E\x13\xA3\x7A"
"\xCC\xF0\xE8\x15\xB9\x35\x4C\x3F\x49\x5F\xDD\xB8\x1E\x9A\x50\x2A\x43\x1C\x4C\x96\xC3\x8B\x5D\xE5\x26"
"\x78\x41\x7A\x03\x1A\xA9\x84\xAF\x8C\xC0\xC3\x62\x3B\x0A\x82\x18\xEF\xA6\xEE\xD6\x60\x6D\xEB\x8F\xB4"
"\x28\x38\xF2\x4B\x3A\xC3\xA3\x1E\xCE\xE7\x38\x49\x2C\x07\x47\x73\xEF\xBD\xF6\x18\xC4\xEE\x15\x22\x43"
"\x16\x85\x38\x47\x97\xC6\xE5\xA6\x6A\xB4\x68\xEB\x28\xC8\xE5\x70\x59\x45\xBC\x6A\x47\xC6\x86\x17\x9C"
"\x04\xB5\x81\xF9\x58\xD5\xE9\x34\x45\x93\x1B\xF4\x08\x47\x31\xF3\xFE\x12\x47\x91\xD4\x23\xC4\x69\x62"
"\x8C\x6A\x2C\x4D\x84\x07\x42\x1E\x47\x49\x8E\x73\x36\xBC\x82\x09\x95\xC0\xFC\x8F\x3F\x54\xF2\xBF\x0E"
"\x74\x8D\x28\x61\x91\x44\x6B\x1E\xF9\x01\x8A\xB6\x41\x64\xC8\x49\xEC\x0A\x8C\x92\x1C\x2C\xAD\xCD\x60"
"\x84\x92\xA1\xC9\x55\x2C\x12\x07\xCA\x3B\xF8\x1B\x0E\x7F\x37\x77\x2E\x87\x8C\x2C\x57\xAB\xA5\xA7\xDA"
"\x98\x23\x67\xC0\x38\x8B\xAD\xE3\xEF\xB9\x9A\x51\x45\xD0\x55\xD9\x7D\xB3\xF8\xA1\xD7\x97\x0E\x0A\x38"
"\x62\xED\x01\x63\xB0\xB8\x53\xC1\x81\xAE\x64\x2E\x16\xEB\x1E\x27\x97\x60\x54\xDA\xCD\x11\xD0\x2C\xD9"
"\x93\x6B\xA5\xCD\x1D\x15\xCA\xF0\x4F\x47\xB1\xE0\x9B\x7A\x72\x6D\x3D\xCC\x35\xB8\xA0\xEB\x14\x9C\x41"
"\xD9\x64\x01\xCD\x12\x41\x0A\xD6\x73\xD6\xE4\xB0\x5A\xBA\x7A\xA8\xFF\xA2\x5A\x81\xCD\xE4\xC4\xF4\xC6"
"\xE1\xEE\xB3\xFA\xC9\x01\x2A\x5D\xBF\x84\x7E\x29\xC1\xB0\x7B\x48\xD9\x3C\x05\x15\x56\xB4\x99\x7D\xF3"
"\xC8\xCE\x44\x4F\xB1\xBC\xD0\x8E\x9B\x7A\x22\x3C\xD1\x5A\x82\xE9\x8A\xE0\xC8\x15\xDB\x29\x13\x9B\xC2"
"\x58\xE5\xB2\x02\xD4\xA8\x6F\x3F\x8A\x19\xEE\xF9\x24\xA1\xAF\x17\x9D\x36\x2D\x64\x22\x7E\xA8\x6A\x12"
"\xF8\xD2\x0B\xB2\x20\x4C\xAA\xCA\xFE\x22\xE9\xD2\x3C\x01\x1E\x90\x6A\x10\x61\xA2\x13\xE0\x6C\x5A\x48"
"\x6B\x9E\x26\xF6\xC6\xC3\xF5\x4C\x22\x95\xD4\xF9\xA2\xBE\x93\xBA\x27\x0D\xBF\xC2\x0C\xF8\x37\x90\x1D"
"\x58\x49\xC7\x98\x8B\xCD\x4C\x06\x87\xEA\x4E\xFA\x56\x9D\x96\xA0\x4F\xCC\x2C\xF8\x61\x79\x98\x59\x2B"
"\xBA\x07\x85\xD9\x18\x69\xD9\x78\x9C\xDD\x50\xF7\xF2\x93\x08\x29\x67\x28\xA3\xD2\x7E\x66\xB1\x4F\xEF"
"\x87\xD6\xFB\xD6\x63\x89\x6A\xA3\xB1\xF2\x62\x9A\xE3\x74\xF6\x0C\xA8\x8F\x43\xA3\x2A\xAA\x63\x93\x9F"
"\x66\x71\x24\xAF\x2B\x9B\xD7\xF8\x0A\xAB\xCE\xE5\x2D\x45\xE4\xB9\x5A\x67\x94\xF5\xBB\x92\x85\xF3\x84"
"\x74\x4C\xE7\x72\x3D\x3C\xDD\x3D\x58\xB6\x56\x97\x65\x70\x69\x93\x59\x30\x90\x04\x1E\x6B\xB8\x45\x0E"
"\xC4\xAF\x48\x3F\x61\x60\x66\xB8\x9E\x97\x4E\xD0\x27\x10\x84\xD3\x32\x76\x57\xED\x80\x89\x56\xB2\xA4"
"\xC0\x23\x51\xAD\x84\x2F\x9C\x3E\xC1\x07\x54\x39\xC6\x40\x04\x66\x49\x6E\x8E\x39\x74\x90\x97\x31\xD0"
"\xC9\x88\x4E\x63\xA7\xC3\x65\xF6\x72\xBA\xF9\xBC\x2A\x8A\x67\x8F\x9A\x02\x68\xE2\x9D\xCD\x7D\x9E\x90"
"\x59\x8B\xD0\xAB\x04\x2A\x5F\x34\x73\x9C\xF5\xDA\x2C\x65\x08\x27\xAD\x78\x1F\x1B\xC5\x51\xCA\x6C\xE6"
"\xBD\x5A\xFD\x63\x7A\x84\x50\x2B\xB5\x56\x0F\x1A\x38\x39\x7C\x36\x3B\xD6\x69\x2B\x34\xFC\x8F\x37\x52"
"\xAD\x28\xA7\xCA\xEE\x66\x22\x86\x25\x56\xA3\x79\x64\xA4\x24\x19\x47\xAB\x33\x94\xAD\x7C\x52\xF5\x38"
"\x9A\xE9\xC3\xAE\xD9\x5D\x26\x8F\xEC\xDB\x96\x8E\x69\xDF\x46\xE6\x4E\xCE\x52\x33\x57\x9F\x72\x3F\xA6"
"\x5D\xAE\x60\xD4\x49\x06\x2B\x02\x3C\x52\x7C\x90\xC0\xB3\xB1\xF7\x76\xFC\xF5\xC6\x32\xF0\x83\x2E\xD5"
"\x33\x21\x01\xE0\x58\xFE\x9C\xE3\x1F\xEA\x11\x6B\x26\x0E\x8B\xED\x2F\x83\xA9\xA3\x14\xC8\xE2\x5A\x92"
"\xE0\x78\x3F\xAC\x82\x4E\x74\xB2\xCD\x59\x06\x53\x55\xEE\x60\x06\x01\x64\x08\x49\xC9\x4C\xBA\xBC\xCD"
"\xC2\x76\xA5\xD2\x5D\x75\x0E\x58\x99\x88\x5D\xA6\x30\xE5\xB9\xC7\x04\x64\xA2\xA4\xE5\x87\x6C\xEF\x88"
"\xAC\x7C\xD9\x91\xB9\x24\xF1\xD8\xB8\x9E\x5C\x38\x59\x79\xB5\x9D\x35\xCE\x72\xA4\x72\xCA\x28\xDF\x90"
"\x52\x8A\xC4\xA4\xB0\xAA\xD2\xE4\xA2\xAA\x4E\xBE\x89\xD1\x81\xAE\xD4\x42\x46\x2C\x45\x3D\x6E\x46\x31"
"\xB7\x42\xBD\x0D\xB6\x35\x2B\xC3\x50\x69\x27\xA2\xA9\x57\x9D\x7D\x69\xAC\x54\x17\x02\xC2\xA0\x68\x8D"
"\x38\xCC\x72\xE2\xC6\xFD\x28\x41\x15\x8D\xD0\x4B\x39\x28\x64\xF1\xA8\x12\xC2\x30\xA4\xAD\x07\x73\x8C"
"\x77\x1A\xDB\x88\x87\xC7\xC0\xC5\xB4\x62\x22\xD7\x63\xE1\x24\xC5\xB1\x73\x76\x18\xA2\x5E\x78\xAC\x8C"
"\x3E\xD9\x30\xBB\x1A\x0C\x8B\x91\xC5\xC8\xA7\xD5\x21\xC4\x58\x3E\x11\x68\x33\x16\x78\xA2\x53\x3B\x6C"
"\x58\x4A\x04\xCC\x49\x16\xCB\xDD\x1D\xD8\x28\x43\x87\x8D\x71\x60\xC6\x72\xC4\x0A\x2E\xAD\x28\x19\xEE"
"\x3A\x9F\xD7\x8C\x9D\x2C\xAE\x0B\x52\x05\x67\xDB\x47\xFF\x16\x18\x5C\x19\x76\xA3\xA2\x16\xF2\x67\x54"
"\x4B\x72\x60\xF9\xA9\x59\x98\x4C\xC3\x8B\x11\xA3\x19\x70\x7A\x58\xAE\x37\x93\xBC\x5F\x50\xB8\x8D\x03"
"\xE1\x73\xFC\x01\xAE\x66\xC9\xFB\x55\xBD\x2B\xC7\x90\x51\x6B\x11\x19\xFA\xF0\x6F\xA0\xF9\x8F\x0D\xCE"
"\x59\x1C\x95\xE7\x5A\x52\xAA\x0D\xDC\x6F\x3C\xF0\x52\xFF\x8D\xE3\x24\x47\xE4\xF3\x4D\x15\x08\x36\xAD"
"\x2B\x63\x85\xCD\x78\x34\xE4\x13\x5F\x4A\x7E\xF4\x19\x00\x61\xB9\xAF\xA3\x82\xC1\xB2\x12\x83\x5B\x65"
"\x81\x98\xDA\xF2\x49\x7B\x7A\x9E\xD8\x94\xB3\x5A\xF0\x5A\x41\x3B\x9E\xBC\x29\xD1\xCA\x81\x58\x77\x3D"
"\x6B\x72\xA1\xE3\xC0\x27\x98\xD6\x01\x47\xB2\xD0\x18\x82\xE6\xD8\xC4\xB0\xB0\x6F\xCE\xCE\x6D\x46\x5D"
"\xD9\xC2\x57\x57\x43\xBA\x16\x14\xBE\x91\xA1\x40\xC5\x3E\x33\xC7\xE7\xE4\x84\x25\x13\xEB\x02\x37\xDE"
"\x11\x8B\x2A\x16\xEE\x84\x0B\x2A\xE5\x6A\x31\xBD\x2B\x1A\xBC\x0E\xA8\x4E\xD5\x32\x87\x43\x9D\xC5\x35"
"\x53\x2F\x1F\xCC\x32\x21\x4A\x5E\x66\xCD\x58\x2A\x31\xA1\x5E\xA1\xD8\x9D\xAA\xF1\xD2\x0A\xFE\x48\x19"
"\xC8\x81\xBE\xD4\x0D\x3F\x16\xD8\x64\xE3\x3B\xE8\x0B\xC9\x3E\x0B\xF1\xB0\xD0\xF9\x46\x2C\x09\x28\xF8"
"\xAF\x54\xF3\x39\x8F\x16\x2A\x23\x78\xF5\xA6\x3E\x0C\x85\xE9\xCD\x92\x74\x0E\x04\x8C\x05\x3D\xD5\x91"
"\x31\x59\x77\x19\x76\x15\xD3\x96\x39\x32\x47\x1F\xBD\xA2\x46\x3C\xD3\x02\x81\xB4\xD3\x59\x0C\xE7\xC8"
"\xC5\x06\xC9\x63\xCC\xBE\x92\xA4\xBB\x13\xAB\x7D\xA0\x77\xE7\x07\x55\x29\x03\xB4\x5F\x1D\x82\xC2\xB2"
"\xBB\x86\x80\x2E\xF4\x61\xD1\xB4\x4A\x8E\x9D\x50\xA4\xA1\xFE\x0B\x2A\x2F\x15\x3E\x6D\xC6\x71\xBD\xAE"
"\xF9\x1B\xD7\xC3\x7A\x03\x43\x77\x00\x65\x7A\xDD\x2A\xEF\x98\xEA\x38\xE4\xC2\xEF\x22\x05\x1D\xE9\x12"
"\x19\x24\x59\xF6\x7E\xA9\x4B\x87\xA7\x58\x6F\xC8\xD6\xDE\x8F\x57\x81\xEA\x71\x2A\x7A\xE6\x09\x30\xA1"
"\x7E\x79\x30\xEB\x23\x34\x42\x79\x0D\x74\x53\xB9\xB8\xFB\x3A\xE2\x64\xA9\xDD\x52\xE2\xB6\x11\x8C\x18"
"\x77\x77\x36\x59\x1A\x10\xD6\xB1\x93\x5D\x0A\xF5\x4C\xB5\x22\x72\x76\xDC\xF2\x2E\x9B\x9E\xA2\x4B\x3A"
"\x92\x14\xA1\x75\x20\x65\x95\x53\x29\x56\xB2\xCE\xEB\xA5\xCE\x18\xE7\x52\x87\x23\x3B\x75\x02\xC6\x69"
"\xCB\xC9\xB3\x31\x10\x3A\x38\xE3\x04\x42\x3B\xFA\xCE\x0D\xC3\x9C\x7A\xA3\x6B\x09\xE7\x58\x2A\xCB\x30"
"\xCE\x6C\xCE\xD4\x88\x41\x1F\x65\x84\xF8\x73\x07\x9B\xA7\xB3\xBD\x56\x2C\x44\x12\xC0\x41\x4C\x80\x4A"
"\x3B\x4C\xE9\xC0\x5A\xB8\x69\x72\x2A\x53\xD7\x06\x1A\x2D\xC1\x50\x8E\x0E\x80\x46\x96\x2A\xA5\x85\x2D"
"\xED\x44\x94\x95\x7B\xAA\x89\xCB\x81\xF8\xAA\xE7\xC4\x77\x42\xE5\xBB\x15\x8D\x32\x8B\xF0\x0B\xC7\xB1"
"\xBA\xCD\xC2\xA8\x47\x52\x2D\x02\x9D\x1D\xBD\xDB\x7C\x1F\xA1\x6C\x62\x86\xF5\x50\x1A\x2D\xC6\x92\xE9"
"\xEE\xED\xFC\xF1\x32\x08\xC9\xC9\x84\x98\x46\x2B\x61\x37\xC5\x40\xDA\xF9\x03\xD0\xAF\xFF\x5C\xE1\xB1"
"\xDE\x88\x8E\x50\x7D\xE3\x98\x15\xC7\x4A\x2A\x17\xC1\x49\x6D\x2D\x59\x10\x19\xF7\xC2\x0D\xD7\xBE\x6A"
"\x4D\x90\x2C\xDD\x73\xBE\xB1\x10\x4B\xF1\x92\xBF\x3C\x4B\x91\x02\x24\x37\x46\xBC\xB5\x38\x4C\x45\x11"
"\xB8\x67\x90\x6C\x7C\x9B\x54\x4B\x50\xFA\x22\xAE\xAB\xD0\xA3\x6A\x41\xEB\x74\x56\xCC\xA2\x9C\xEA\xAC"
"\x7A\x38\x0A\x38\x4C\x36\x46\xB7\x66\x33\x2F\x84\x9F\xE1\x4E\x6E\x4E\x49\xBB\x71\x20\x99\x23\x1B\x72"
"\x04\xA8\x75\x8A\x16\x9B\x17\x05\xDD\xA1\x98\x72\x37\x37\x95\xAD\x5C\xE3\xFA\x09\x8F\xAD\x52\x41\xC3"
"\xB0\xE2\xE1\x2C\xC7\x74\xD8\x4C\xE6\x98\x6D\x8C\xA6\x04\x99\xF6\xE9\xC0\xCA\x9D\x99\x41\x9E\x4E\xD0"
"\x67\x3D\x21\x40\x72\x8F\xC6\x96\x85\xAD\x64\xAC\x34\x80\x6E\x44\xAB\x18\x86\xE2\x8A\x1D\xA2\xB0\x80"
"\x23\x1E\x96\x38\xE6\x85\xEE\x13\x7E\xEE\x41\x60\x6C\x10\xF3\x40\x54\xA4\x8B\x19\x07\x5E\xA1\xA0\x66"
"\x40\x78\x9D\x45\xB0\x38\x73\xAD\x86\xAE\x16\x87\x54\x26\xB3\x01\xDF\xD4\x89\x15\xDB\x21\x29\xBB\xB6"
"\xFC\x4B\x39\x6D\x2F\xA9\x32\x9D\xE8\xD5\xD7\xD3\x1D\xF1\x81\xF9\x18\xCC\x98\xB4\xA3\xE3\x47\xD4\xDA"
"\xE1\x39\x13\x4E\xA9\xA3\x19\xF5\x52\x29\x56\xE1\x46\x0B\x65\x01\x4D\xA5\xFC\xE4\x62\x85\x4B\x95\x19"
"\xE5\xF3\xB4\x1A\xC8\x91\x2C\x08\x30\x39\xCF\xFC\x52\xDA\x7F\xE7\xBF\xCC\xCB\xBD\x8B\x7A\x66\xC7\x71"
"\xEE\x25\xE7\x99\xCD\x1F\x4E\xBD\x9E\xC1\x55\x0F\x53\xBA\xB1\xD6\xE2\x1A\x25\xDE\x2C\x19\x8E\xAE\xCF"
"\x43\x69\x9E\x76\xF3\xEE\x04\x35\x59\xC1\xB0\xA3\x9B\x62\x5C\xE4\xEE\x96\x0F\x19\x30\xA4\xD8\x9C\x5C"
"\xC9\x2E\xD1\x89\x20\xED\xF6\xCF\x8B\xB6\xD2\xDC\x25\x3D\x22\xC2\x64\xEA\xBA\x10\x25\xD4\x27\x2C\x0D"
"\x6A\x38\xD6\x32\x31\x45\x57\x6D\x8F\x0D\x4F\xAC\xB9\xD9\x08\x4D\xA3\xDA\x29\x4D\x06\x7F\x47\x3B\xFB"
"\x0C\x90\x3A\x20\x38\x62\x1D\x8C\xC1\xC5\x32\x89\xC7\x26\xE1\xD3\x54\xF6\x7C\x55\x84\x72\x17\x46\x75"
"\x70\xDC\x02\x4D\xD0\x72\xD8\x2C\xB1\xED\x25\xE2\x20\x46\x68\x45\x04\xC5\x58\x00\x80\x3B\xDD\xEC\xC5"
"\xCC\xFE\xD0\xF9\x13\x04\xB6\x2A\x20\xC4\x09\xC0\xBE\xEA\x6A\xAA\xB7\x7A\xDA\x18\xCA\x4C\x8F\xEF\xC0"
"\xC4\xBB\x7D\x97\xC5\xCE\x7E\xFA\xE8\x4F\xF0\xC6\xD9\x60\xAB\xEC\x37\xBD\x48\x72\x79\x0F\xE5\x39\xE8"
"\x61\x21\xA4\xB3\x98\x4D\xAF\x06\xB0\x19\xE3\x53\x8C\x4B\x1D\xF9\xE6\x97\xC9\x23\x3D\xC5\xC3\xBA\x9D"
"\x20\x14\x9D\x4F\xB3\x14\x38\xC3\x80\x38\x21\x1C\x28\x37\xC8\x67\xD6\xD3\x7B\x49\x74\xA9\x5C\xAA\xD9"
"\xF1\x7C\xA1\x66\x13\x42\x16\xA5\xD4\x64\x6A\xF3\xF8\x0A\xEB\xF9\xD2\x4F\xCA\xD3\xD5\x47\x56\xB6\x2C"
"\x29\x8F\x45\xAF\x28\xC3\xDC\xC3\x72\x9F\x3C\x73\x08\x66\x73\x36\x1E\x4D\x1F\x5A\x27\xDE\xCF\x68\x7D"
"\xC6\x09\xDF\x1C\x31\xBD\x1D\xE4\x53\xCD\x73\xE9\x97\xF0\x21\xD0\x60\x34\x9F\x3A\xEA\x4B\xEC\x5B\x9B"
"\x99\xEC\xD8\x78\xC2\x2F\x81\x3B\xC4\x28\xEA\x5D\xA8\x69\x82\xE8\x1C\xB1\xAA\x0C\x10\x46\xA6\xC8\x8B"
"\xA3\x25\x4A\x23\x31\x89\x69\x9B\x07\x16\xF6\xB0\xF2\xE1\x13\x19\xFB\xBF\x04\xB2\xDE\x14\x1B\xE3\x67"
"\x04\x89\x22\x42\x6D\xD9\xA8\x07\x19\x64\x58\xD4\x36\xEA\x1E\xB2\xDB\x28\xA9\x4D\xAB\xD1\x83\x30\xA0"
"\xAD\x56\x3C\x25\xAE\x6D\x4C\x53\x17\xDC\xFF\xE8\x51\xF9\xD3\xF6\xD4\xDA\xA4\xA0\x5A\xFA\x88\x41\x3A"
"\x44\x09\x30\xE6\x5D\x73\x25\xCF\x13\x65\x52\x1B\xF0\x83\x31\x69\x60\x28\x5C\xC4\xBD\x4D\x1B\x6B\xC7"
"\xF5\x3F\x57\x57\xDA\x2F\xD7\x79\x89\xE0\x50\xA2\x58\x67\xB5\x36\x97\x01\x8B\xDE\x4E\xD2\x29\x95\x58"
"\x2B\x95\x60\x08\xA4\x87\x47\x57\x0F\x71\x8D\x01\x94\xCF\xA6\xE0\x82\x0B\x39\xE1\xF3\x83\x2E\x9E\x2A"
"\x40\xB5\x6B\xA1\xAD\x82\x9F\xA7\x95\x32\x7E\x13\x48\x15\x7A\x58\xA1\xF2\xCD\xFC\x12\x72\x3C\xC5\x60"
"\xC1\x79\x47\xD7\xC1\x30\x17\xB3\xAC\x2F\x97\x7F\xEB\xC6\xC3\x48\x2A\xA4\x6B\x74\xB9\x8D\x73\x92\xBB"
"\xEB\x05\x88\x42\xAE\xF6\x66\x93\xF3\x8E\x74\xEB\x3A\xAC\x41\xCC\x69\x8E\xF5\x05\xFF\x70\x86\x82\x34"
"\x1C\x0A\x52\x57\x89\x3E\x6E\xF1\x92\x02\xD0\xA9\x85\x9C\x0C\xB1\x69\x2F\x28\xF0\x33\x33\x7B\xFA\x73"
"\x6C\xBD\xB2\x8F\xC4\xF1\x7C\xF4\x60\x1C\xBE\x76\x99\xDD\x25\xA5\x44\xC4\xC5\xA2\xB0\x31\x0E\x66\x10"
"\xEE\xEA\x85\x6A\x98\x99\x4E\x57\x96\xF2\xB5\xB1\x4E\x51\x7E\xD0\x3A\xAD\x46\x5D\x42\xAF\x8D\xF7\xF1"
"\x51\x29\x92\xB4\x98\x0A\x76\xE4\x8A\x32\xC4\x62\xC5\xF9\x7C\x5D\xCE\x9E\x13\xE2\xCD\xCD\x0F\xCE\x9B"
"\x4E\x7F\x45\xDE\xB2\xCF\x19\x62\x70\xB9\x49\xDA\x5C\x8E\x1B\x76\xC8\xDD\x17\x15\x5C\x1D\xAA\xF5\x65"
"\xE2\x42\xDC\xE4\x28\x35\x48\x42\x93\xC4\x71\xFE\x2A\xDA\x2E\xAC\x57\x32\x0B\xBE\x57\x5A\xD4\x26\x8F"
"\x5E\xE1\xA6\xBE\xF8\x33\x12\xA3\xB8\x70\x9A\x4C\x67\xDB\x4E\x6A\xA3\xDA\x69\x2C\x75\xE2\xCE\x48\x51"
"\xDB\x4D\x1A\xCD\x32\x48\x93\x7A\xF2\xDA\x41\xA3\xEC\x99\xDF\xD9\xA4\x5B\x41\x17\x19\x13\x85\x5A\x99"
"\x28\x98\xD9\xC2\x3B\x8F\x59\x19\x4C\x30\x1A\x64\x15\xE2\x9C\xC2\x9C\x28\x50\x43\x17\xA2\xA8\x46\x66"
"\xF6\x2C\x43\xC9\xBC\xF2\x2A\x0E\x39\x73\x0C\x98\x4C\x17\x61\x1E\x66\x63\xC7\x9C\xBA\x8E\x31\x4B\xF9"
"\x8E\xC7\x28\xCC\xCE\x48\xD9\xE1\x59\x75\xD6\x4B\x1B\x83\x6E\x82\xB0\x6E\x73\xA1\x1C\xBA\x93\xB9\xE6"
"\x9D\xD5\x3D\xC7\xBC\xB5\x48\xBD\xF2\x19\xAB\xF6\x20\x9A\xDD\x56\xDB\x4A\xD9\xBF\x68\x23\x38\x92\xA7"
"\xAD\x89\x92\xC5\xEF\x00\x13\x0F\x30\xA4\x23\x2E\x14\x4E\x9D\xAA\x63\x76\x30\xCC\x2F\x56\xB1\x20\xEA"
"\x91\xD4\x4A\x96\x91\x7A\x8C\xBE\x5A\xDA\xB8\x92\xA6\x66\x54\xD1\x11\x03\x37\x83\x9F\x87\xA0\x6B\x05"
"\x75\xD4\x06\xDF\x1C\xEF\x95\xBA\xEF\xEC\xDA\x7C\x46\xE2\xA3\x49\xA9\x37\x50\xB8\x0B\xB2\xDB\xE3\xF5"
"\xBA\x89\x6F\xE3\x2B\xCE\x3C\xBB\x6D\x8E\x3C\x0C\xE3\xF4\xD7\x8E\x3B\x3D\xB6\x4E\xEE\xA2\xC2\x8E\xD7"
"\x4D\x76\x86\x24\x6D\xA1\x29\x17\x0B\xB8\x8D\xBD\xDB\xA6\x4E\x4F\xEA\xE8\x32\xCF\x34\x3E\x52\x5E\xB5"
"\xA0\xD9\x92\xBB\x7A\x76\xEF\x60\xE2\x9A\xDD\xC0\x5D\xA0\xA7\xC2\x5D\xF1\x52\x37\xE3\x63\x33\x5C\x1C"
"\xBA\x51\xDB\xB1\x18\x9B\xDB\xD6\x58\xD4\x78\xC5\xB0\x5E\x8C\x31\xF7\x97\xEB\xC4\x0B\xC9\x13\x6B\x5A"
"\xB8\xC3\xCE\x19\x9C\x61\xA6\x78\x8C\xE7\xB4\xBB\x75\xB8\xD9\x86\xC6\x89\xCC\x3E\x04\x9A\x99\x41\x1E"
"\x1E\x16\xB3\xD2\x15\xEA\xA4\x41\x6C\x7C\x6E\x2E\x6A\x3E\x06\xE8\x0F\x76\x45\x1D\x40\x9D\xE6\x84\x7C"
"\x3B\x05\x64\xD2\x9D\xDD\x23\x6B\x3A\xB3\xDC\x00\xDD\xA4\x47\x24\x81\xF7\xC6\xE2\x08\x5C\x20\x5B\x46"
"\xD3\x4A\xB1\xA5\x38\x23\xF9\x85\xD3\x55\x57\x0A\xBF\x96\xDD\x0B\x67\x67\x99\x94\x78\x4C\x6A\x58\x65"
"\x90\xE8\xE8\xE9\x72\x60\xEE\x8D\x64\x90\xC6\x5B\xB3\x5E\xBB\x88\xB9\x9B\xEE\xE9\x5F\xE5\x11\x7F\x2C"
"\xA4\xB1\x2B\x89\xA0\xB3\x47\x02\x32\xF7\x27\x04\xAD\x49\xC9\x6A\x85\x9B\xA4\x92\x87\x67\x33\x16\x9B"
"\x9B\x22\x9A\x49\x36\xD4\xC0\xEE\xCA\x88\x10\x43\xD6\xB1\xAF\xA9\x19\x79\x9D\xA4\x2D\x71\x35\xF1\x91"
"\x9B\xAF\xE8\x2C\xBF\x2A\x2C\x44\xDE\x21\x14\xDA\x93\x7F\xE1\xCC\x1A\x79\x1A\x07\xA6\x15\x1E\x63\xE5"
"\xE0\xC0\xBD\x27\x22\x9E\x69\x14\x52\x9A\x68\xBF\xE6\xAF\x68\x8B\x10\x1E\x5E\x24\x73\xEB\x8F\xAC\x8D"
"\x36\xF5\x15\xB4\x25\xDC\x94\xBF\x13\x6F\xDC\x2F\xBF\xB7\x98\x83\x36\xEA\x6B\xA0\x62\x68\xD1\x20\xDD"
"\xB3\x14\x72\xA5\x77\x9A\x43\xDB\xE1\xBF\xE4\x0A\xD0\xCE\xD5\x74\x0B\xAA\x62\x92\x5C\xAE\xF5\xFB\xA4"
"\x75\x9B\x40\xE8\x26\xA8\x46\x64\xD6\x2C\x2C\x3E\x6D\x04\xB8\xA5\x16\xD2\x31\x0C\xCA\x81\x13\x4A\x6F"
"\x18\x93\xED\x15\x38\x40\x26\xE0\x21\x0A\x5A\x19\x58\x67\xAC\x94\x68\xEF\x63\xF7\x5D\xD8\xDF\x0C\xCC"
"\x28\xAE\x8D\x4A\x61\xCB\xEC\x2E\x5B\xFD\x99\x0B\x8E\xB3\x1A\x51\xB8\x4C\xA7\x95\x09\xE1\x65\xE3\x53"
"\x15\x85\x53\x25\x3E\xCD\x9C\xDC\x39\x24\xA5\x4F\xC4\x39\x88\x8B\xD9\x9E\x6D\xB9\xCD\x98\xE3\x7F\x99"
"\x16\x3D\x39\xD3\x6A\x56\x26\x8E\xE6\x61\xE9\xBB\xC6\x1F\xAD\x73\x63\x20\x9E\x59\x33\x6B\x27\x33\xB9"
"\x57\x85\x4D\x36\x2D\xF3\xC6\x65\x44\x50\x4A\x41\xBF\x99\xCA\xE0\x07\xB0\xC3\x84\xF7\x7C\x37\x64\xE2"
"\x6D\x07\xC9\x9F\x9A\x66\xA2\x7C\x4C\x34\x8B\xEB\x0E\xE1\xED\xFC\xDD\x30\x39\x29\xAE\x92\x99\xE5\x65"
"\x77\x4B\x3C\x66\x8E\xDD\xCB\x15\x42\x6E\x06\x74\x15\x9F\x9C\x4C\xCF\xED\xC0\x44\x1A\xC5\xA4\x0C\x0B"
"\x45\x50\x22\xBC\xE4\x5F\x62\x76\x4B\x5B\x08\x8E\x8F\xED\x06\x48\xBD\xAC\xEF\x66\xA5\x31\x10\x96\x5B"
"\xC7\x0A\x72\x95\x9C\x4C\x65\xCD\x53\xBF\x72\x07\x79\x02\xEE\x65\x6F\xCC\x81\x52\x76\x50\x37\xCE\x52"
"\x88\xFC\x23\x87\x8C\xD7\x87\xE0\xB7\xDA\x6E\x6C\xBC\x4E\x45\x73\xD6\xA6\x9F\x16\xCB\xD6\xBB\x39\x31"
"\x2E\x6D\xF6\xCF\xCC\x61\x9C\x2A\xE1\x3F\xB6\xD6\x28\x1D\x4B\xC8\x8E\x38\x34\x6E\x8E\xE5\xDE\xF1\x72"
"\x34\x23\x91\x3C\xA0\xAB\xF2\xB5\x8D\xE1\x96\x1F\xD1\xC0\xA4\x84\x3F\x74\x52\x99\x33\x50\x86\xDC\xD9"
"\x73\xF4\x15\xDB\x06\x5E\xC1\x9F\x4A\x33\xFB\xCF\xB8\x1F\x33\x07\x95\x63\xCC\x4C\xC8\x40\xAE\xD9\x8B"
"\x3C\x7F\x70\x26\xBB\x38\xA9\x17\xF9\xF5\x8A\x98\xA7\xAD\x98\xF7\xB2\x0D\x5A\xBC\xC0\xA4\xBB\x19\x15"
"\x60\x26\xB8\x9E\x76\x9D\xFB\x95\x00\x45\x0C\x47\x65\xDE\x19\xAE\xC9\xAD\x23\x1E\x02\x1E\x3F\x88\x70"
"\xF2\x03\x3C\xA9\xBD\x37\x09\xBC\x35\x11\x4F\x64\x2D\x6D\x9D\xA8\xDA\x95\x88\x6A\xC0\x3E\xD1\xA6\x91"
"\xD3\x60\x39\x5B\x33\x3C\xA5\xDC\x77\xC8\xBA\x32\x06\x2C\x30\x7F\x6D\x0D\xE4\x38\xBD\x52\xD2\x51\x47"
"\x39\x39\x34\x8F\x70\xD5\x7D\xA4\x67\x72\x54\xCC\x75\x57\xB4\x31\xA0\xB2\x0B\x7F\x4D\xBA\x09\x20\xBA"
"\x21\xE9\x70\xD2\xF1\xAD\x19\x7F\x04\xB8\xC3\x6C\xBB\x46\x1D\xB6\xC6\x98\x74\xD3\xC5\x45\x13\xE9\x61"
"\x14\xAF\xCE\x5E\x47\xE4\x70\xE5\xC4\x83\x61\xF1\xBB\x43\x59\xD7\xFC\x01\x6C\x8F\xD6\x45\x61\x26\xF3"
"\x5C\xE3\x16\x7C\x6C\xBD\x52\xF5\x90\xF4\x0A\x56\x83\x36\xCA\x7E\x72\x05\x18\x05\xB6\x5C\x35\x1A\x0F"
"\xF1\xB6\x07\x95\x90\xB6\xE7\x66\xB1\xD9\x7A\x90\xE5\x38\xB1\x62\x5C\x7B\x7A\xAB\x67\x14\x88\xAB\x64"
"\x1C\x3D\xFA\xEB\x33\x20\x0E\xB8\xD9\x89\x85\xDE\xB5\x2B\x21\x76\x4C\x22\x7C\x5B\x4C\xB1\x84\xA2\x42"
"\x8B\x7C\x43\x62\x8D\xE8\x90\xB3\x88\xB5\x03\x15\x83\x33\x2B\x1C\xBA\x37\xBD\x0C\xFC\x2B\xD2\x83\xDD"
"\x3B\x6A\x85\x76\x12\x18\x7B\x15\xEA\x16\x1F\x1C\x4B\xC4\x4C\x92\x6B\x15\x4A\x7E\x2C\xA1\x12\x83\xE7"
"\x54\x7C\x77\x54\x40\x59\x83\xD8\x01\x71\xB7\xC6\x47\x78\x0D\xDC\x0B\xC9\x74\x88\x93\xB9\x46\x2A\x0C"
"\xD1\xB7\x46\x8C\x4B\x27\xD8\x81\xC3\x74\xB3\xE0\x58\x3E\x9B\x4C\xA8\xE0\xA8\xE1\xCE\x33\x6A\xA2\xB1"
"\xF2\x91\xCB\xFA\xD1\x2D\x45\x6A\x1C\x37\xFA\xB5\x21\x42\x42\xE7\x98\x98\x2D\x44\xCD\xFC\x61\x67\x36"
"\x81\xA5\x84\x19\x0C\xC9\x62\x9E\x1B\x23\xD8\xA7\xE1\x97\x49\x48\xDB\x6B\x2D\x18\xC3\x00\xD5\xD5\x54"
"\x49\xBE\x32\x97\x63\xAF\xAB\x2B\x1B\xE6\x2E\xAF\x52\x8F\xEA\x3F\x87\xD0\x37\x3E\xE1\x66\x3F\x37\x59"
"\x83\x34\xCD\x65\xE0\xE9\xA3\x13\xE7\x88\xCC\xE3\x53\xFE\xC2\xD9\xA8\xCD\x89\x37\x94\x7A\x6E\x99\x00"
"\x8B\xF7\xCB\xB1\xFB\xA8\xA5\x68\xDA\x39\x72\x9C\x33\x2A\xA1\xB0\x97\x3F\x1E\x97\xB1\x26\xC4\x26\x12"
"\xAD\x59\xA5\xAC\xE7\x09\x41\x7D\xB9\xF9\xA2\xEE\x01\x2C\x49\x43\x82\x52\x27\xE3\x2A\xE6\x73\x58\xAF"
"\x8C\x3B\x51\x71\x9E\xE6\x37\x2C\xBF\xD4\xDE\x9A\xBA\x8D\x68\x7D\x4B\x46\x9E\xAC\x28\xF1\xB3\x57\xFC"
"\xED\xB1\x0E\x4E\x0D\xF1\x25\xFA\x64\x7C\xE3\xA3\x2F\xEE\xC1\x3E\xE8\x5C\x6B\x0A\x0D\xF6\x3B\x1C\x33"
"\x88\xB2\x9A\x42\xA9\xD6\xD2\x4B\xD4\x30\x88\x60\xBD\x4A\xD8\xC9\x7A\x9E\xE6\x88\x0E\xCA\x7B\x09\x22"
"\x5D\x52\x91\x74\x71\x55\x42\x9D\x75\xB4\x19\xBB\x45\x3C\x8D\xEB\xBA\xD4\x62\xDB\xDE\x30\xA9\x29\x7E"
"\x97\x5D\xC6\x7B\x49\x65\x8C\x0F\x7E\x50\x01\xD1\x92\xF2\xB9\xE1\xE1\x61\x54\x8F\xE6\x8E\x09\x77\xEE"
"\x4D\x74\x54\x23\x84\x86\xFD\x4D\xE3\x59\x7A\x30\x9D\x0C\xB3\x4C\x6E\x86\x11\xE4\xA8\xD0\x46\x86\xF6"
"\x38\x7E\xA1\x22\xF5\xE3\x34\xF2\x29\x64\x6D\xB5\x82\x03\x9D\xFE\xED\x88\x3B\x99\x9D\x4F\x92\x8F\xAD"
"\x9B\x3E\xFC\x3B\x7A\x45\x7C\x45\x9C\x87\x10\x34\x37\x85\x34\xBB\x06\xB7\x1C\xB6\x86\x1F\xE9\x33\x35"
"\x0A\x76\xF6\x90\x95\xF7\x41\x94\x73\xBA\x94\x8E\x62\x0A\x82\x5E\xAA\x31\x85\xBE\xE8\xEA\x03\x92\x23"
"\xF0\xA1\x87\xBB\x54\x5B\x81\xD4\xF2\xD1\x83\x73\x65\x6F\x92\x6C\x4C\x4B\xDF\x70\x2F\xC0\x53\x2C\x1B"
"\x0A\x9C\x6D\xCA\x27\x60\x25\x43\x14\xA4\x69\x29\xFE\xFB\x77\xE9\x49\x51\x94\x86\x95\x1A\xED\x4C\x34"
"\xA6\xC0\x8D\x87\x39\x9D\x68\x66\x4A\xB6\xB3\x21\xDA\x43\x51\x38\x62\xDA\x3A\x01\x1E\x80\xDD\xEE\x1A"
"\x48\xF9\xA0\x9D\x5B\x60\xC0\x50\x9E\xFC\x85\x14\xAC\x21\xC9\x72\x87\x12\xCA\x9B\xDA\x81\x32\xDB\x05"
"\x34\x86\x41\xE5\xAA\xFA\xBA\xDF\x2C\x36\x47\x77\x6F\x88\xA7\xA0\x21\x13\x0C\xE4\x11\x4E\xBE\xE5\x43"
"\x54\xE4\xC7\xC8\x73\x1A\x0D\x5D\x28\x3C\xCA\x24\x10\xD7\x08\xCF\x81\xDE\x65\xE7\x47\x9C\x15\xEA\x0E"
"\x82\x44\x2D\x74\xA5\xCE\x4E\x30\x96\x9E\x76\x48\x4E\xDA\x18\x80\x05\xC1\x19\x3A\x13\x6D\x9B\x11\x0D"
"\x78\x6F\x66\xCD\x56\x73\xC0\x8E\xA8\x63\x5D\x35\xE2\x05\x64\x1F\x5F\x0E\x5E\x38\x1E\x53\x91\x17\x3E"
"\x03\x2E\x52\xBB\xA2\x94\x8F\x69\x06\x27\x33\x63\xE2\x45\x37\x78\x74\x92\xD6\xD7\x12\x69\xB1\x11\xD7"
"\x57\xD2\x78\x6B\xC3\x11\x0B\xC0\x56\x7A\x56\xF1\xA0\x47\x8F\xCC\x70\x87\x23\x45\xC5\xCF\x0B\xB3\xFC"
"\x24\x45\x37\x93\xD9\xB7\xFF\x5A\xA2\xF1\x29\x12\xB6\x4A\x90\x40\xBD\x04\xC1\x40\x8D\x0F\x1C\x67\x7E"
"\x63\x86\xB6\x79\x3C\xF1\x19\x43\xF0\xB5\x03\x1C\xCB\xB0\xC5\x1E\x97\xB7\x13\x48\x16\x69\x22\x60\x78"
"\xD8\x81\xC4\x19\x9D\x19\xD8\xB9\x31\xA5\x54\x95\x1C\xB0\x4A\xC9\x55\x8D\x53\xBC\x30\xAA\xA5\x27\x58"
"\x1B\x1F\xF7\x59\x4C\x7F\x12\x2F\x57\xA2\xD2\x4E\x78\x78\x6C\xA1\x3C\x64\x7C\x18\x92\xD8\x62\x39\x33"
"\x04\xC1\xAC\x15\x8E\xC0\x19\xC0\x2E\x42\x71\x2A\x4C\xB0\xDA\x42\xC1\xF6\xF6\x5A\x67\xC4\x40\x53\x88"
"\xAE\x4C\xA2\xA3\x1B\x43\x54\xEF\x73\xB9\xBF\x9C\x3C\x73\x83\x80\x24\x8C\x38\xA2\x45\x78\xC8\x26\x33"
"\x6C\x90\x89\xF2\xE4\xC6\x97\xA4\x39\x0E\x48\x0D\x84\xC9\x8E\xA3\x39\x5D\x6D\x8D\xA0\x8F\xF3\xA8\x34"
"\x19\x5D\xEA\xB6\xC6\x95\x6B\x10\xE3\x72\xAC\x87\x0A\xD7\x85\x30\x77\x4D\x32\xCF\xF7\x50\x10\x5A\x14"
"\x35\x23\xBE\x9D\x6A\x2A\xE6\x61\xB7\xD8\x99\xF9\x8C\xA8\xC7\x57\xB6\xD5\x81\x03\x8E\x3E\xD3\xC1\xF4"
"\x6D\x6C\xB2\xD8\x4E\x24\x9E\x8D\x65\xD2\x79\x1A\xD2\xA3\xD2\x5E\x5D\x63\xE2\xC9\xE8\x60\xC4\x3C\xAD"
"\x5D\x63\xE8\x1B\x48\xDA\xD2\x36\xD7\xD8\x34\x30\x45\x63\x86\x9D\xC1\x38\xB7\xA7\xCE\x33\x1C\x03\x2B"
"\xBC\x6C\xBE\x04\x47\xE7\xE8\xB3\x07\xEE\x33\xDA\x4D\xE5\xCA\xC6\x94\xBC\x0E\x61\x3B\x93\xDE\x9B\xAC"
"\x00\x2F\x76\x2B\x77\x75\x1C\x87\x6A\xB8\x13\x4A\xE7\x38\xDF\x1E\xE1\x47\x88\x0E\xB7\x8F\x2A\x3B\x01"
"\xAE\x8B\x39\x89\xC6\x3C\xE1\xB8\xAC\xF0\x1A\x7B\x29\xDC\xB2\xB4\x84\x65\x2C\xDD\x8E\x50\x3B\x54\x1B"
"\xB6\xF3\x0E\xC0\x42\x09\x63\xD1\xA8\xCA\xCC\xAF\x4D\x7D\xE6\xEF\x54\x4D\xC2\x45\xBD\x89\x03\x19\xA1"
"\xC4\xAD\x30\x91\x89\x93\xFA\x5C\xCD\x85\x7D\xB0\x16\xFA\x33\x13\x17\x16\xAF\x8B\x7D\x1C\x35\xBE\x73"
"\x23\x44\x80\x3A\x40\x8E\xEC\x7C\x9C\xCA\x95\xF1\x9F\x8C\x5B\x5E\xF9\xD1\x13\x9F\xD0\xCB\x43\xEB\xD8"
"\x3A\x8E\x03\x78\x42\x79\x87\x92\x6D\xFC\x14\xEA\x47\x01\x36\x3E\x04\x78\x56\x0C\xC1\xF5\xFE\x5F\x7C"
"\x4B\x43\x34\x30\x8B\xC2\x67\x7D\xB8\xED\xA7\x9B\x94\x49\xAD\x47\xDF\xE1\x51\xB8\x75\xDD\xE2\xE9\x13"
"\xC9\xAC\x80\x6F\x2F\x5E\x3C\x1D\xD5\x55\x30\x52\xF4\xA1\xF4\x11\x15\x3F\x65\x55\xA4\x7B\x1A\x17\x23"
"\x4B\x00\x15\xF5\x36\xA0\xD6\x89\xD4\x3D\x86\xFE\xE0\x50\x57\xAE\x77\xFA\x70\xCC\xF8\x84\xB9\x66\xAC"
"\xDB\x93\x72\x29\x80\x7B\xA4\xCC\x33\x65\xDB\x78\x81\xA8\xE9\xE1\x59\x91\x89\xC8\xB5\xA7\x5A\x23\x3D"
"\xD3\xD0\x7A\xF9\x93\x6F\xEA\xF1\xB1\xDA\xE4\x33\xDB\x19\x38\x93\xFE\x5C\xF9\x97\x4D\x1B\xB8\x02\x4F"
"\x76\x0E\x77\x98\x81\xED\x2B\x17\x40\x7E\xA9\xC0\xDA\x3C\x2B\x58\x71\x43\xA1\x4D\xF7\x80\xD9\x82\x1C"
"\x87\xC3\xAD\x20\xEF\x47\x4E\x6B\x19\x17\xCD\x47\x58\xEB\x66\x08\x65\x74\x86\x46\x81\x58\x74\xC1\x37"
"\xC1\xA9\x3D\xB3\x19\x54\x5C\xA9\x86\x4B\xF8\xD1\x9D\x89\xC1\xB1\x5F\x89\x66\x88\xC4\x9C\xE1\x79\xEA"
"\xBD\x12\x29\xCB\x12\x9D\x4C\x9C\x85\x92\x42\x66\x14\xAA\xCF\xB9\xF2\xA4\xEB\x31\xE2\x37\x35\xC2\xB7"
"\x6B\x29\xE5\x59\x9F\x7A\xDF\xE3\x6C\x9D\x69\x3C\xF3\x6D\x26\xF0\x2D\x57\x09\xED\x94\x63\xC1\x43\xE3"
"\xAD\xAB\x74\x82\x24\xE4\x6B\x1D\x23\x41\xF0\x98\xC9\x3A\x43\x6D\x5A\x25\x66\x6F\x32\x70\xB8\x1C\x29"
"\xE8\xFB\xC5\x4D\x40\x24\x13\xDE\x7B\xC6\xB4\x55\xE9\x69\x55\xB1\xAB\x37\x29\xE6\x0B\x64\xE2\x66\x36"
"\xF0\x31\x42\xF4\x8B\x04\x9F\x38\x7F\x61\x7A\x7E\x59\x05\x93\x3B\x2B\x73\x62\xAE\x45\x84\xCE\x9C\xFB"
"\x36\x16\xB5\xC7\x22\xFE\x55\xD7\x3A\xE1\xCF\x0B\xBF\x46\x26\xE7\x19\xC1\xC6\x1F\xFB\xE0\xAA\xB2\x39"
"\x3D\x93\x05\x43\xD9\xA6\xE0\x7E\xF5\x80\x4C\x64\x63\xAD\xF2\x26\x6B\xDD\x46\x3E\xD7\xF1\x44\xA2\x2B"
"\x0D\xAE\xC9\xB1\x9A\x9F\x3D\x76\xEB\x7C\x63\xDD\x8D\x3D\xE2\x8B\xEC\x6C\xCA\x81\x27\x90\x15\x51\x53"
"\xFC\x0D\x23\x55\x10\x32\x76\xAB\xB1\xE9\x4E\xDE\xB4\x0C\x37\x4C\xDB\xFF\xEC\x35\xD5\x38\xA9\xB7\x67"
"\x86\xAA\x94\xE4\x9B\x0C\x84\x03\x80\x1C\xFA\x36\x9B\xFD\x45\x11\xAA\x2E\xDE\xD4\xD6\x28\x65\x56\xA9"
"\x52\x8E\x53\x86\x4E\xFE\xD8\x48\x47\xF5\xF9\x4C\xE8\xCA\x02\x15\x15\xE7\x95\x09\xFB\xEE\x60\x57\xC6"
"\xBA\xE5\x8C\x67\xFB\xB1\x02\x86\x1C\x17\x33\x2C\xCD\x0F\xB6\x62\x47\xC5\x37\x90\x5F\xA7\x29\xD6\x4A"
"\x5A\xCA\xF7\x2B\x69\x7E\x94\x63\x71\x64\x62\x69\x8F\x6F\xF0\xCA\xE2\xF6\xBA\x40\x46\xFA\x55\xCD\xFF"
"\x67\x83\x5B\xFB\x50\x6A\x3A\x8B\x63\xDE\x7B\x08\xB6\x24\x3E\x36\xE1\x54\x5C\x25\x7D\x4F\xDD\x58\x2A"
"\x19\x27\xAA\xED\xCA\x94\xDA\xA3\x41\x9F\x61\x80\x43\x5C\x26\xD2\xAD\x2A\x41\xBB\x4E\xB4\xFA\x9C\x86"
"\xDF\x27\x8E\xC5\x51\x65\x3B\x17\x37\x27\xE5\x55\x66\x79\x1D\xE3\x47\x53\x3E\x3C\xB3\xC2\x8B\xDA\x64"
"\xA8\x49\x6A\x63\xCD\x54\x62\x53\x4A\x25\x04\xE3\x10\xE1\x8A\xC2\x39\x44\x47\x07\x98\xDC\x81\x60\x10"
"\x2C\x64\x34\x12\x17\xEA\x8E\x6D\x1C\x03\xA6\x8E\xC4\xB9\xC6\x71\x54\x83\xA8\x55\x57\xAE\x65\xFC\x89"
"\x59\x48\xC5\xC9\xA5\x17\x97\x75\x9C\xA1\x2E\x91\xE7\xCA\x17\x97\x36\x3D\xD6\x3D\x46\xBB\xF6\x10\x54"
"\x4D\xD3\xA7\x55\xE6\x8C\x4A\xAA\x4B\x34\x12\x4A\xEA\x1D\x4A\x0F\x70\x70\x26\xC0\x81\x8A\x65\x75\x3B"
"\x9D\xA4\x65\x16\x25\x0A\x37\xAF\x29\xCD\x0B\x44\x5A\xD6\x64\xAE\x3A\xBF\x75\xF9\x28\x98\xF1\x48\x40"
"\x97\x38\x11\xF3\xC3\xB9\x84\xA0\x53\x41\x44\x14\x07\x3F\xDB\x71\x08\x11\xEE\x35\x28\x87\xF3\xA4\x33"
"\x4C\x62\x90\x60\x99\xD4\xE6\xC9\xAB\x66\x11\x75\xEE\xE7\x71\xA3\x74\x90\x1A\x16\x5B\x37\x07\xB7\x1C"
"\x7C\x41\x14\x37\xD6\xD5\x90\x63\x24\x83\x83\x9B\xDD\x28\x98\x86\x47\x6D\xEB\xC4\xC5\x69\x08\x4E\x17"
"\xBA\x52\xC2\x37\x1A\x73\x13\x6D\x6B\xCB\xE0\x44\x70\x34\x87\xAC\x6B\xB3\xC5\x44\xB4\xA0\x8E\x12\xFA"
"\x26\x11\x86\xD9\x2B\xC4\x63\xD1\x41\x08\xD8\xC4\xA4\x8C\x8B\xFA\x6F\x76\xF0\x60\xA6\x19\x54\x2B\xA2"
"\xEA\xC7\x40\x5A\x8F\x13\xE4\x5F\x4B\x1C\xA0\xB4\x92\xB7\xC8\x25\x56\x8F\x35\x34\x55\xA6\xFC\x57\x81"
"\xC5\x66\x1E\xE6\xA0\xC8\x2C\x75\x85\x50\x62\xEB\x1D\x6D\x4E\xAD\xD3\x8D\xF9\x71\xF4\x72\x15\x58\x02"
"\x78\x3A\x27\x54\xFB\xF7\xB2\x88\x8B\x5B\xEF\x52\x2A\x14\xE5\x0A\xB4\xE9\x60\xDB\x25\x71\xC8\x4D\x58"
"\x7A\x31\x37\xC6\xA2\x97\xFE\xB5\x3E\xF7\xAA\x97\xA3\xCE\x7D\xD6\x10\x58\x69\x51\x4C\x4E\x36\xA0\x9C"
"\x35\x7A\x86\x02\x46\x57\x66\x8F\x49\x47\x1C\x63\x3B\x19\x26\x48\x16\xD9\x88\x73\x0F\x59\x3B\x46\xCC"
"\xB1\x5C\x4B\xFB\xEC\x6C\xC5\x52\x5B\x25\x2C\x93\xD3\x97\xFC\xEE\x91\xD3\x56\xE7\xAC\x3A\x84\x6B\x2F"
"\x52\xF2\x5E\x18\x5A\xCB\x01\xD6\xCC\x34\xF5\x89\x6C\x10\x33\xF3\x17\xF8\xAF\x4D\xA2\x66\x04\xE7\xB7"
"\x1F\x33\xF1\xE5\x6D\xFB\x63\x6C\x78\x8E\xD2\x4F\xA1\x65\xEB\xF0\xB7\x3B\x0C\xFA\x1E\x82\x1B\x0D\xFA"
"\x4B\xE2\x4E\x94\x7E\xB7\xF1\xAA\xF6\xFD\x73\xB4\x64\x44\x0C\x87\x1E\x46\xAE\x38\xAD\x51\xF6\x5F\xD1"
"\xD6\x9D\x0C\xBC\xE0\x92\x4E\x18\x47\x94\x1D\xD3\x6B\xA0\x9F\x09\x3E\xDF\xC0\x21\x46\x67\x89\xF1\xD3"
"\x39\xBD\x32\x76\x42\xEF\x47\x3C\x86\x34\x8C\xDC\x57\x96\xEB\x75\xA5\xCA\xD3\x9E\xC1\xB4\x44\x85\xD0"
"\xDA\x35\x6C\x83\xB3\x8E\x5B\xFB\x56\x4D\xFF\x5C\x79\xB1\x24\xCC\xB9\xC8\x7B\xF0\x05\x92\xEE\x9B\xEB"
"\xCC\x92\xDE\x2A\x76\x13\x8E\x1E\x84\x91\x59\x5A\xC2\xB7\x43\xAE\x51\xFF\x0F\x75\x88\x10\x49\x47\x34"
"\xDE\x95\xB2\x53\x21\xEF\xCA\x64\x91\x48\x61\x48\xEA\xE3\x17\x37\x85\x35\xC4\x96\x72\x0C\xA0\x70\x77"
"\x3D\xCA\xDD\x10\x67\x59\xD1\x53\x32\x3F\xE5\xCC\x6A\x73\x4E\x2F\xA9\x3F\xCB\x7E\xA5\x50\x73\xE8\xC7"
"\x33\x2C\xE9\x6A\x41\x62\x38\x27\x79\x29\xF6\x5C\x28\x31\x20\xF2\xFE\x02\x0F\xB1\xDD\xDD\xC9\x6A\xA2"
"\xD3\x58\x98\xA5\x03\xA4\x41\x18\x8C\xB2\xF9\xBC\x63\x56\x24\x2A\xEE\x96\x4E\x80\xAE\x05\x6D\xA3\x62"
"\xAC\x9B\x8B\xC9\xFA\x8B\xD3\xD7\xE2\x48\x09\xA2\x1A\x22\xD0\x5D\xBA\x71\x07\x5E\xA8\x1D\x49\x6E\xA7"
"\x85\x35\xE7\x92\x5C\x40\xC6\x41\xD4\x36\xAE\xC0\x09\x21\xE5\xFA\x49\x6C\x8C\xFD\x49\xD5\xF6\xD0\xAD"
"\x93\xCB\xDD\xCB\x8D\x90\x4B\x00\xD2\xC5\xE2\x20\x59\x0E\x9A\x25\x74\x36\x62\xB5\xB6\xD3\x75\xE6\x3C"
"\x82\xEC\xA9\xE1\xE0\x0E\x42\x38\x91\x64\xD1\x36\xCE\x74\x35\x4E\x60\x42\x2B\x79\x96\xD6\xC3\x33\x09"
"\xDF\x10\x2B\x7A\x89\x5B\x73\x50\x2D\x55\xD0\x9D\x73\x02\x79\x6D\x89\x4D\x58\xBA\x19\x9B\x2C\xE7\x44"
"\x5F\x41\x72\x24\xA3\xAC\xE5\x3D\x8A\x52\x6B\x56\x45\x2C\x0B\x72\x8E\xCE\xC3\xD1\x8C\x9E\xA2\x2E\x50"
"\x49\x79\x77\x13\xB2\x5B\xD1\xE2\x4D\x28\x65\xAA\x8C\x8F\xC0\x83\x69\x17\x6D\x67\xC7\x20\xC0\x6F\xC3"
"\xD3\x01\xC3\xC5\xDD\x15\xC5\x63\xF7\xFA\x20\xBF\x98\x94\x93\x6E\xE6\x67\x21\x4E\x8F\xCE\x84\x1B\x42"
"\xA1\x3E\xF6\x14\x26\xA3\x1E\x79\xB7\xCE\xC8\x96\x77\x58\xD9\xDD\x95\x72\x8D\xBC\x6E\x65\x36\x59\xA8"
"\x3D\x54\x08\xF9\x41\xCA\x78\x92\x9C\x5C\x40\xEE\x7B\x7B\xDC\x3E\x10\xD0\x0F\x83\xDA\x89\x6B\xDD\x7C"
"\xB7\xD4\xD6\xA7\x8E\x67\xA5\x07\x81\x45\x0B\xFC\xD8\xFC\xB4\x21\x2F\x4B\x7E\xA3\xEF\xB3\xCC\x42\xBF"
"\x30\xF8\x9D\x18\x4F\xB9\x7C\x84\xD7\xE3\x1B\xAE\xB0\xB3\x0C\x39\x27\x99\x90\x83\x6E\x24\xEA\x2C\x1D"
"\xEB\x11\x66\xB4\xF1\xA4\x37\xD5\x99\x12\xDA\xD9\x60\xAD\x9E\xF4\x88\x2F\x16\xBF\xCD\x03\x37\xEB\x3B"
"\xB5\x0D\x9B\x8B\x94\x71\x4C\x13\xFA\x04\x40\x48\x6B\xE8\x48\x69\xE7\xD7\x99\x37\xDD\x62\x4D\x7B\xB4"
"\x4A\xB9\x97\xE3\xA9\x6B\xCF\x56\x4A\xA4\xAD\x00\xFC\x29\xB4\x83\xC6\x3E\xAD\x6E\x77\x9C\x9A\x33\xEA"
"\xFC\x78\xF0\x1A\x2F\x8B\x63\x44\xE4\xBF\x60\xEC\x23\x30\x27\x40\x52\xB3\x70\x85\x5B\xC6\xEE\x3B\xE9"
"\xAD\x5A\x35\xB7\xB5\x44\x82\x6B\x5B\x54\xAA\xCE\x8C\x65\x96\x61\x6D\x16\xE6\xE0\xC4\x7A\x20\x67\xDC"
"\x31\x10\xE5\x5A\x1C\x45\x5D\x48\xAE\xF0\x97\x99\xF0\x7A\xFD\xDB\x8E\x17\xC8\xE8\x3A\x4F\x47\x06\xB2"
"\xEB\x4A\xC3\x11\x46\x36\x3D\x0F\x3A\x67\x2D\xDF\x5E\x35\x6C\xEC\xEF\x9C\xDC\xE5\xCC\x64\xC3\xCC\x94"
"\xAD\xD5\x23\xF3\xCC\xC7\x72\xBD\xC3\xF1\xA6\x4C\x2F\xA4\x87\x3C\xDC\xF0\x2C\xCF\xE2\x9F\x7E\x87\x8E"
"\x12\xA3\x87\x86\x43\x73\xB9\x57\x24\x65\x7E\xBE\xB2\x46\x84\x50\xF7\xB2\x80\x7A\x87\x89\x67\x9F\x24"
"\xE5\x19\x58\xB7\x2B\x3C\x25\xF0\xAA\x43\x8A\x9B\x56\xC3\x04\xBE\x30\x9B\xA2\xD6\x43\x02\x80\x49\x1E"
"\xAE\xD0\xD2\x32\xCD\x9B\x24\x36\xCC\xC1\x4E\x8C\x10\xCC\xD0\x16\x3E\x44\xF8\x77\x51\xBC\x67\x9D\xEB"
"\xF8\xF4\xF9\x30\x46\x9A\xAC\xA0\x40\xA4\x2F\xD8\xD4\x29\xD0\xA3\x82\xD1\x18\x5B\x34\x35\x6A\x54\xED"
"\x56\x13\x6E\xE6\x1D\xF6\x28\x65\x67\xB7\x94\x9E\xE1\x9D\x4B\x18\xD2\xAF\xCE\xB1\xBC\xC3\x23\xC4\xD8"
"\x4D\x8F\x2D\x9D\x33\x5D\x7B\x90\x31\x95\x5E\x3F\xDA\x10\xE6\xDE\xBC\xC5\x45\xB4\x46\x9D\x99\x75\x09"
"\x25\x30\xAD\xEF\x16\xFF\x11\x67\xD2\x4D\x8C\xDD\xA8\xA1\x8D\x06\x8C\xF9\xE2\x13\x4F\xB0\xB6\x3A\x79"
"\x3B\x15\x4C\x59\x02\x33\xAB\x18\x56\xAE\x3D\x37\xBF\x7D\x10\x3A\xA5\xC5\xA9\x4A\x04\x88\xDC\x91\xEF"
"\x35\x65\x9D\xEE\x08\x44\x5A\xAF\x1E\x1D\x86\xAD\x39\xAB\x5C\xCC\x33\x53\xF6\xFC\x8A\xF3\x73\x2F\x80"
"\x32\x04\x12\xFE\x82\xA5\xCB\xD2\x00\xB0\x1A\xB8\x2D\x35\x8C\x31\x04\x36\x3B\x0E\x8A\xD9\xA5\xA1\xBD"
"\xE7\x18\x95\x2A\xDF\xA4\xAB\xF2\x52\x58\x53\xD7\x48\xB4\x12\xE3\x48\xE9\x2F\xE7\x32\x35\x41\x93\x3B"
"\x15\x2F\xB3\x8C\x30\x22\x7C\x54\x54\xD5\x1E\xC7\x89\xD9\xE9\x70\x7A\x28\xAF\x2F\x19\xD4\x75\xCD\x89"
"\x4E\x0F\x55\x16\x24\x19\x65\x02\x5C\x94\x09\x28\x73\x01\x83\xEA\xE4\x71\xBA\x58\x29\x74\x60\x01\x1D"
"\x16\x4F\xEF\x55\xD8\x96\x5F\x32\x60\xCD\xAB\x2C\xBF\x38\x35\x83\x23\xB1\x7D\xBD\x11\x45\x38\xB3\x70"
"\xD4\x0C\x93\x60\x4E\xB9\xF7\x6C\x4C\xAF\x84\xED\x4C\xDA\x68\x07\x3C\xD7\x81\x99\xD8\x1E\x5F\xA3\xC8"
"\x22\x27\x97\x41\xEC\xB1\x9E\xC0\xBB\x5B\x0F\x3F\x7A\xB4\x63\xEF\x08\x1D\xFE\xC8\xD2\x72\x34\xA5\x19"
"\x63\xE6\x5E\x85\x09\xD2\xFD\xAC\xBD\x11\xE5\x6F\x3A\xFF\x54\xE3\xC8\x0E\x95\x64\xC2\x6B\xC9\x5D\x76"
"\xDB\x20\x48\x9F\x69\x22\x71\x88\x56\x8D\xF8\x0A\x13\xEE\x66\x3E\x1E\xCE\x48\xC5\x57\x76\x24\xF7\x0E"
"\x96\xC3\xDE\x45\x6B\x05\x21\x12\x3B\xF7\xBA\x83\xBA\xF4\xD9\x97\x6B\x3B\x29\x60\x36\xAA\x6A\xF4\x53"
"\x34\xBF\x58\xBC\x9B\xD1\x05\x0D\x01\x59\x85\xFB\x31\x18\xCB\x4C\x87\xD4\x2D\xA6\x57\x77\x16\x66\x69"
"\xA9\x15\xAA\x62\xAE\x27\x00\x44\xF9\x77\xD3\xCE\x70\x92\x66\x8D\xAF\x83\x25\xDC\x61\x70\xA6\xEF\xD8"
"\x43\x26\xA0\x54\x16\x74\xE5\xD6\x4F\xC4\xF2\x6B\x0A\xB0\xE0\x8E\x5D\x7D\x05\xBC\x89\x72\x7D\xA5\x24"
"\xEC\x44\x5D\x27\xB9\x14\xFE\x13\xC5\x31\x5F\x98\xE6\x54\x9C\xDF\x55\x6B\x70\x61\x1C\xF7\x73\xA8\xD0"
"\xF9\x0E\xEE\xC1\xA7\xB0\x05\x9D\xF5\x42\x36\x47\x1C\xC8\xC5\x6B\x2C\x5A\xB5\x5E\x0A\x1A\x50\xAF\xC2"
"\xB9\x33\xB3\x47\x15\x1B\x20\xCA\x78\x17\x71\xB4\x32\x4D\x8D\x41\x6D\x63\x19\x1F\xAD\xF2\xAB\x0F\xCF"
"\x44\x7A\x09\x27\x47\x40\x47\x2C\x63\x56\xCC\x57\x53\x9F\x22\x26\x86\x63\xEF\x06\x65\xA6\x01\xB9\x33"
"\xB9\xC5\xFD\x3B\xD6\xA0\x0A\x40\x10\xC6\x59\x01\x4B\x38\xA3\xC6\xF4\xA6\xEC\x35\xA5\xD2\x19\x62\x47"
"\x50\x64\x08\xD7\xAB\x04\x1C\xDE\x41\x9A\x8A\xAF\xD1\xCB\x12\x3E\x6B\x61\x4C\x99\x55\x20\x76\x4B\x7B"
"\x46\x38\x6D\xB2\xAA\xA1\xB1\x02\xF9\x4B\xDF\x1C\x71\x6E\x84\xCE\x37\x17\x53\xB2\xCE\xE1\xB1\x67\x52"
"\x17\x44\x9A\x4A\xE7\xA7\x95\x16\x24\x9E\x7F\xD3\xB0\xA4\x04\x55\x51\xE9\x35\xCB\xE0\x40\x47\x2A\x15"
"\xAE\xD9\x2A\x10\xE3\xCA\xB7\x30\x45\x6C\xBF\xB1\x67\x77\x9B\x91\x4C\x4F\x53\x35\x7C\x0B\xE3\x88\x39"
"\xA3\xDC\xEA\x65\x6C\xEC\xD5\x26\x4F\x4E\x6C\xE9\x48\x53\x1F\x62\x4A\xAF\x1B\x22\x63\x26\x83\xBA\x2B"
"\xC4\x51\xCC\xDF\x91\x88\x72\xB8\xB0\xB1\x90\x90\x15\xA3\x56\x55\x1C\x81\x4C\x55\x82\x8E\xB6\x6C\x52"
"\x98\x54\x46\xB0\x6A\x42\xAA\x85\x94\x07\xFD\xD7\x36\x9D\x13\x75\x0C\x3D\xC5\x55\x0B\xD5\xCF\xB5\xEE"
"\x25\x4E\xA3\xDB\x5E\x60\xC2\x98\x48\x55\xC2\xB0\x22\xC0\xFE\xD2\xDC\x38\x3C\xE2\xAC\xC4\x21\x2A\x20"
"\x51\x70\x67\x45\x52\x8E\xAB\x30\xDC\x03\xAF\xBB\x62\x57\x6A\xCD\xBF\xC2\xC0\x7B\x5A\x48\xB3\x1F\x2F"
"\x87\xF7\x13\xE7\x1A\x67\x95\x31\x04\x07\x52\x95\xD8\x5D\xDA\x89\xC2\x43\x01\x19\x8E\x51\xFC\x34\x83"
"\x22\x30\x78\x45\xF1\x6F\xA0\xE2\xAB\x9D\xF6\xE9\x66\xF7\x20\x41\x9C\x6B\x81\x83\x38\x11\xAB\x96\x5B"
"\x15\x20\xBE\x4E\x5A\x9B\x6C\x9C\xC3\xE4\x4E\x58\xF7\x5E\xEA\x18\xD6\xD8\x98\xE9\x3B\x71\xA3\x2F\x26"
"\x93\x67\x92\x63\xE4\xC5\x6E\x66\x73\xF0\xC5\xCD\x3D\xB7\xB2\xF3\x65\x98\x47\x29\xB1\xF4\x91\x26\x3A"
"\xE3\x9C\x68\x9C\x31\xBC\xAC\xC8\x40\x4F\x9F\xD8\x99\x9D\x47\x5C\x0B\x1B\x10\xB4\x9A\x3C\xD7\x32\x1D"
"\xE5\xB2\x4A\xBC\xDE\xEE\xB9\xE2\xB2\x1D\x67\xC2\x80\x95\x49\xCA\x88\xCE\x20\x42\x54\xA6\xCA\xFC\x2B"
"\x73\xAA\x58\x38\x5A\x2F\xE9\xDC\x14\x29\xB1\x48\xB8\x14\x53\x8B\x17\xB4\xD0\x7E\x4A\x93\x70\x1A\x8E"
"\x30\x30\x4A\xE5\x72\xFB\x4F\x47\xD4\x97\x68\xE8\x95\xA6\x1E\x80\x1A\xAE\x8B\xCD\x65\x61\x4B\x6C\x34"
"\x0C\x41\x05\x1C\xAF\x46\x51\x81\x27\x12\xD8\xBB\xC4\x70\xFD\xEA\xA4\x99\xB1\x7B\x2B\xAB\x68\xC0\x1E"
"\xA2\x16\x93\xD5\x44\x81\x47\x38\x06\x72\x2C\xA2\x4D\xD4\x39\xFC\x98\x1B\x9E\xA1\x34\xE4\x9E\xF1\xC5"
"\x6A\xF6\xAB\xCA\x8B\x60\xFD\x49\x92\x1F\xDF\x11\x81\x0F\x1B\x3D\x93\xB5\x3B\x71\x08\x30\xC1\x64\x1B"
"\x5B\xED\xEC\xBB\x0C\x43\x9A\x08\x33\x27\xBD\x70\x72\xDE\x73\x0C\x59\xA7\x45\x5A\xDA\x99\x89\x6E\x77"
"\xB0\x17\xE3\x03\xA8\xB0\x84\x7F\x8D\x85\xDB\x4C\xF5\xAE\x7C\x34\x47\x74\xD7\x9B\xFD\x38\x15\xB3\x57"
"\x4E\xB9\xDE\x3B\x24\x0F\x34\x47\x28\xDC\x82\xD1\xC4\x51\x90\x9F\x02\xEA\x26\x61\x78\x9B\x23\x80\x79"
"\xC8\x8C\x17\x84\x58\xCF\x8A\x7C\x90\xF8\x6E\x89\xD9\x06\x4D\xE2\x9A\xD1\xF8\x42\x54\x47\xAF\xD8\x4D"
"\xC1\xAB\x2E\xB9\x85\x9F\xA0\x51\x6D\x08\x4C\x3F\xED\xA2\x73\xBF\x88\x8C\x37\xD9\x8D\x97\xD6\x0A\x4F"
"\xAC\xF4\xDC\xA2\x2E\x12\x07\x13\xD0\x0A\x82\xAA\xA6\x76\xA3\x2E\xDA\x85\x9C\xA4\x09\xF6\xE0\x5A\x56"
"\xC1\x28\x5B\x06\x61\xC6\x67\x80\xC9\xAB\xDC\x71\x5E\xFE\xC9\x10\xE6\xE4\x9E\x62\x60\xF6\xD9\xFB\x23"
"\x83\x2C\xD7\xDC\xCD\xBE\xB4\xF1\x79\xCF\x54\xB2\x1D\xDA\x8B\x33\x1E\x39\x0C\x50\x40\xDB\xBC\x8D\x0E"
"\x6D\x3A\xC6\x16\x68\xCB\xA2\x0C\xE1\x4C\x9C\x65\x2E\xF9\x1A\xC9\xD7\x47\xFF\x46\x70\x90\x63\x36\xD4"
"\x1B\x4B\x76\x3F\xC4\xFD\xFB\xE5\xA5\x66\x44\xD1\x79\xDC\x45\x4E\xE6\x0A\x13\xAA\xD8\xD3\x71\x4D\x31"
"\xE2\x8D\x2A\x84\x3A\x87\x20\xB3\x06\xAD\xD5\xBE\x21\x25\x27\x30\xBE\x6C\xC2\x64\x63\x12\x15\x23\x4A"
"\x58\x1C\x5E\x84\x0B\xA1\xC5\x1D\x5D\xE3\xDD\x4C\x48\xFD\xD0\xCC\x2E\x67\x8E\xDD\x82\xAF\x2E\xB5\xCE"
"\xEE\x26\x8F\x01\xD3\xB2\xE7\x5D\x11\x8F\xEC\x44\xF1\x00\x16\xC5\x59\xD7\x33\x3D\x74\x27\xBA\x3C\xF9"
"\x62\x62\xEC\x80\x30\xBD\x88\x5A\x69\xC0\xA4\x7F\x2A\xA1\x4C\x88\xE7\x23\xDC\x92\x52\x58\x25\x84\x52"
"\x9A\x30\xA7\x87\x66\xEF\x5A\x01\x1D\xCF\x84\x36\x4A\x56\x50\x6A\xD2\xA5\x1C\x0B\xD6\x7D\x5C\xA8\x71"
"\x76\xCC\x54\x62\x00\x68\x70\x99\xDB\xDB\x5F\xC3\x25\x18\x9F\x69\x9E\x23\x05\xFD\x39\xE0\x01\xB6\x94"
"\xE4\x50\x74\x4A\x95\x43\x89\xEE\xE2\x6B\xCC\x65\x3D\xD6\x67\xB2\x0E\x71\x02\x24\x9B\xBB\xA4\x8A\xC6"
"\x2D\x82\xEC\x36\xAF\xE3\xA6\x30\x58\x75\xDD\x41\x09\x4D\x82\x3C\x04\xAD\x91\xD2\x7C\x04\x08\x5D\xFC"
"\xA1\xC4\x57\xF6\xA4\x12\xA2\x9D\x71\x40\x88\xDD\xA6\x9F\xC9\xB3\xD6\xAF\x9C\xD7\x9E\xF1\x07\x65\xAC"
"\x43\x14\x4F\x94\x0B\x58\xB2\x16\xB3\x2A\x86\x80\x26\x36\x6B\x0E\xAD\x48\x35\xD4\xD6\x46\x29\xB9\x01"
"\x24\x9E\x15\xC8\xB4\x33\x37\x8A\xDB\x45\x0A\x73\x32\x31\x64\x9A\xA2\xB3\xAA\xD5\xD0\x9D\xCC\x60\x2A"
"\x4E\xA1\x30\x27\x80\x39\xD9\xB3\xB6\x39\xB4\x0E\x99\x29\x9F\x57\x6C\x0E\x41\x99\xE1\x55\xEF\xCB\x81"
"\x9E\x91\x0D\x52\x88\xA0\xC0\x72\x36\x0E\x0A\x7C\xFF\x63\xA6\x58\x66\x22\x2F\xD9\x7B\x6B\x69\x56\x19"
"\x26\xEC\xD3\xA1\x67\x22\xEE\x47\xE5\xD6\xAB\x34\xE5\x98\x33\xF2\x67\x70\x92\x41\x94\x4E\xC8\x80\x4B"
"\xDF\x92\x82\x62\x75\x8D\x22\xDE\x34\x2D\x12\xCA\xA8\x8B\x6E\xCE\x98\x2D\x88\x54\x16\x0F\xA7\x22\x1B"
"\x31\x11\xE9\x02\x33\xA8\xC0\xE9\x89\xEA\x35\xAC\x4E\x14\xCB\xCB\x9C\x92\xB5\x70\xE0\xCC\xDD\x35\xF1"
"\x82\x39\xF2\xE1\x35\x13\x95\xAB\x49\xA8\x95\x44\x4B\x3C\x4F\xD6\xC4\x17\xE5\xE4\xAD\x5C\x82\xC4\xC7"
"\x77\x7A\xA9\x53\xFB\xBD\x03\x3D\x58\xD1\xCB\x7D\xD4\x15\xE2\x74\x42\x4E\x92\x6A\xB1\x11\x95\xAC\x39"
"\x3E\xBE\xF2\xF6\x56\x4B\x3F\x5C\xD7\x0E\x36\xBF\xF2\x3C\x49\xE0\x82\xC5\x8A\xFC\x5F\x86\xFC\x57\x01"
"\x5A\x4A\xD4\xC0\xAB\xA1\x02\x58\xF2\xF6\xC9\xB5\xC9\xE4\x1B\x69\xBA\xA2\x0E\xAF\x9A\xA4\xF5\x62\xF1"
"\x4C\x98\xB5\xC1\x28\xD6\x0B\x78\xB3\x28\x13\x63\x95\x7C\xD3\x0B\x5D\xD3\xDA\xEB\xD8\x49\xA4\xED\x70"
"\x68\x4F\x06\x9B\x27\xA1\x19\x45\x95\x26\x00\x47\x22\x75\x23\x36\x7C\xE8\x1A\x8B\x83\x24\xAB\x30\xE1"
"\x71\x59\xE7\x60\x7B\x03\x94\x24\xE9\x92\x60\x41\x75\xB8\x5D\x47\xA0\xC5\x7B\xD3\xA1\xA9\xF5\x70\x20"
"\xBC\x81\x9C\xE4\xA8\xCF\xA7\xB1\x93\xD3\xA4\x95\xE8\x18\x64\xCE\x87\x9E\xA0\xB1\x4E\xD6\x48\x92\x18"
"\x1D\x15\x39\x9F\xBD\x7B\x66\x46\x1F\xA5\x33\xF5\x51\xA8\x3C\x3A\x46\x3A\xD3\xA3\x51\x3D\x86\xC6\xD4"
"\x32\x15\x7C\x66\x0E\x3D\x97\x22\xB9\x21\x0C\x96\x8C\xF2\x62\x5A\xDD\xC5\x4E\x73\x32\x35\x12\xF5\x5F"
"\x62\xD0\x4B\xDF\xDE\xC9\xCF\x8E\xE3\xDC\x36\x87\xD0\x52\xE3\xF6\x4B\xD8\x5D\x16\x62\x75\x48\xC7\x77"
"\x4E\x1D\xBF\xC3\xFA\xAC\xDB\xED\xEA\xE2\xA6\x6A\x6A\x14\xE9\x21\x15\x52\x1D\x1B\xCE\x47\xA7\xDC\x23"
"\x86\x92\xC0\xB7\xEA\x7B\xD2\x9A\xCC\x1B\x1F\x62\xC1\x72\x6A\x12\x8F\x90\xE1\x0A\x75\xC6\xB7\x6C\xFA"
"\x9B\x6B\xE4\x69\x7B\xF2\xC2\xCC\x54\xBB\xEB\xE3\xB8\x0F\x61\x39\xB2\x35\x85\xE7\xE7\x3C\xA8\x6F\x29"
"\xE3\xB3\x10\x3F\x7D\xDC\x90\x5B\x8E\x09\x67\x42\x9D\xA8\x88\x25\x5E\x7C\xAA\x13\x31\x74\xD0\xDD\x0D"
"\x15\x64\x6F\x22\xB3\x0A\x23\xEA\x4A\x2E\x33\x5B\x0F\x2A\x88\xF5\x1B\xCC\xF6\xCA\x6E\xC5\xA9\x13\xA8"
"\xFF\x7A\xA1\xD7\x88\xCD\xC4\x50\x44\x71\xD8\xD9\x64\xDC\x8A\x8B\xC5\xA0\xBB\x2A\x39\x85\x5B\xEF\x6E"
"\xB6\x5E\xA5\x7F\xE1\x81\x7A\xA4\xA2\x5B\x77\x34\x1B\x7D\x37\x04\xB3\x3E\x4E\x2C\xE3\x92\xEA\x8D\x43"
"\xB4\x09\x9F\x2D\xCF\xE4\x23\xBD\x59\x75\xF1\xCC\xB0\x72\x3C\x3D\x02\xAA\xAF\xD0\x65\x25\x3B\x3D\x42"
"\x34\x27\x38\xF3\xD0\xED\xD6\x60\xDB\x5D\xDE\x76\xFD\xCB\x56\x12\x50\xEA\x59\xEB\xA0\x18\x0C\x5F\x7A"
"\xBB\x0D\xFB\xEF\xB4\x97\x0A\x2C\x59\xDB\x72\x97\xB4\xAC\xF7\xC5\x9E\xE2\x0E\x3A\x9E\x58\x0F\xFC\x40"
"\xE9\x78\x5A\xAA\xB6\x83\x11\x11\x67\xB8\x0D\xD2\x15\x7C\x17\x6F\x44\x8B\x6B\x32\x07\xE8\x22\xE7\xB8"
"\x72\xE5\x1F\xE7\x5C\x05\x1B\x11\x5C\x6A\xEC\xB6\xD2\xDA\xDF\x14\xCB\x24\x53\x13\x28\xF7\x46\xBC\xF5"
"\x49\xF4\x8A\x06\xE4\x7C\xD9\x3A\x89\xF1\x9A\xB2\xD0\x62\x24\xCC\x43\x94\x3C\x37\x8E\x36\xA9\xAA\x62"
"\x9A\x64\x6A\x49\xCB\x94\x07\xCC\xA1\x8C\x73\xA5\x52\x85\x62\x33\x3A\x58\xC8\x7A\x3B\xE5\x3C\x91\x3C"
"\xA9\xFF\x1B\x4D\xA7\x25\x82\x0E\x62\x75\x0A\x92\xE1\x5F\x25\x89\xB0\x4F\xB8\xC3\x7A\xFB\xFE\xA7\x33"
"\xD5\x90\xAD\xB3\x91\x31\xEA\x8C\xA2\x91\x5A\x29\xA6\x60\x18\x05\xD9\x39\x9A\x89\xB3\x45\xA3\x21\xBA"
"\x81\x3E\x4E\x88\xBC\x32\x2D\x19\x0F\xB7\x0F\x8C\x5C\xE1\xC3\x78\x86\x96\x76\x02\xF1\x86\x3F\x8B\xB9"
"\x46\xE3\x01\x0D\xE7\xB4\x55\x58\x64\x0C\x13\x38\x86\x44\xF1\x64\x6D\xA5\x44\x84\xB5\xE4\xB8\x20\xB7"
"\x57\x5D\xFB\x30\xE0\x71\x3B\xA6\x55\x38\x0F\x1D\x71\x95\xA6\xDF\x64\x08\xB1\xCB\x64\x45\xE2\xE7\x35"
"\x19\x96\x99\x75\x62\xBD\x04\x19\xA6\xD8\x4C\xD6\x67\x81\x7B\x38\xF1\x96\x28\x45\xA0\x97\x4A\xEF\x0E"
"\xD5\xC2\xA1\xD4\x8D\xD0\x8E\xB4\x28\x38\x4C\x7A\xD3\xDE\x95\x83\xB4\x56\x8D\x12\x00\xA3\xB4\x14\x16"
"\x1B\xB6\xE3\xD9\xB9\xAD\x1A\xB0\x2B\x4A\xCF\x7A\xD1\x33\xDB\xF7\xDD\xFF\x73\x3C\xA8\xBA\xA6\x17\x1A"
"\x1E\x01\x6E\x44\x0D\x88\x5E\x92\xD9\xCF\x7A\xA3\xDE\x7D\x7B\xA3\x14\x9D\xAC\x36\xC3\x9A\x00\xE1\x57"
"\x20\xA2\x90\x9E\xC6\x0F\x05\xDF\x21\x1B\x87\x14\x31\xA5\xA0\xE8\x2A\x24\x45\x37\xD8\xF7\xF0\x35\x72"
"\x48\x17\x44\x20\x1B\x46\xCF\x20\x8F\x0B\x35\xBA\x0B\x29\xDA\xD4\xBB\xAC\x11\xB1\xE9\xEC\x9F\x52\x6C"
"\x5D\xA7\x8D\x22\xA0\xB6\x76\x10\x72\xB2\xB1\xB9\xB9\xDC\x70\x30\x2A\xA3\xB2\x92\x09\x27\x21\x28\x95"
"\x4C\x15\x1A\xFA\xE4\xCC\x5D\x69\xF5\x45\xC7\xA6\xB7\x1C\xD2\xF2\xD2\x4E\xB7\x76\xC9\x52\xCF\x47\x29"
"\x38\xA9\xE7\x1B\xF0\xB7\x33\x57\x5B\xC3\xCC\x2F\xC9\x84\x86\x1D\xCC\x59\xCF\xCD\x7B\xE4\x69\x3A\x97"
"\x70\x87\x4E\x8A\x6C\x25\xB9\xB5\xCA\x72\x93\x8D\x30\x8E\x4D\x36\x78\x40\xAE\x9E\x8D\xC4\x48\x1C\xB1"
"\x74\x9F\x93\x1A\x02\xD3\xC3\xBE\x83\xB1\xF9\x07\xBC\xF6\x52\xF0\x92\x34\xE7\x9C\xDA\x46\x39\xDD\xA5"
"\x90\x21\xA3\x77\x4C\xEC\x03\xD3\x7E\x9A\x11\x1B\x53\x15\x57\xFF\xC4\x50\x51\x32\x13\xE6\x5A\x49\x6B"
"\x6C\xB9\x18\x51\x4A\xC4\x36\x96\xCF\x1F\x75\xB4\x9B\xCC\x25\x06\xB3\xFC\x72\xFC\x27\x3D\x22\xA5\x5C"
"\x91\xD0\x62\x21\xBB\xED\x41\xBD\xC8\xF0\x1C\x33\xDA\xEC\x5C\x1A\x09\x0F\xF4\x92\x83\x45\xE6\x61\x9C"
"\x0C\x5D\x6A\x4A\x47\xC8\xEB\xD6\x7C\x03\xAB\x8D\xEF\xBA\x3D\xCC\x93\x76\x4E\x4F\xF8\xE4\x63\x48\x9B"
"\xA0\x4D\x99\xB9\x43\x94\x1B\x8C\xE2\xB5\x5B\x1D\x58\x2A\x21\xF1\xFA\x44\xA3\x76\xD1\x5E\x63\xF0\x90"
"\x96\x1F\x35\xAF\x61\x01\x91\xAF\x60\xED\x59\xCE\x7C\x5D\x78\xEE\xF1\x94\xF7\x22\x36\x2B\x62\x56\xEB"
"\x83\xD4\x7E\x46\xC9\x7E\x17\x18\x67\x3B\x2B\xED\xAB\x12\x70\x9C\xF1\x38\xB5\x0B\x8B\x2B\x06\xCE\x3F"
"\xE2\x8A\xDC\x89\x56\x16\x67\xE4\xD0\xEF\x65\xF3\x2F\x0D\x0F\x8C\x3E\x6F\x5F\x5F\x91\xD5\x2F\x99\xA8"
"\xCB\x7C\x9B\x28\x29\xD3\x6D\xAA\x70\xAA\x9A\x1C\xA8\x19\x03\xBF\x2A\xE6\xA5\x16\x4B\x97\x13\x44\xEE"
"\x6A\xCD\x80\x95\x97\x81\xDC\xE1\xE1\x8F\xDA\xDC\x5E\xA3\xFB\x92\x5D\x03\x29\x18\x71\xAB\x25\xC1\xDD"
"\x98\xDA\x21\xC9\xCD\x25\x49\x27\xC1\xE7\xB8\xB5\x73\x24\xD4\x0B\x98\x18\xB9\x05\xB5\xB0\x24\x3A\x10"
"\xF6\xC1\xC4\x92\xB0\xB3\x30\x94\x64\xBF\xFB\x2A\xA4\xFE\xF4\x33\x01\x39\x8C\x42\xB4\xCD\x0A\x94\x51"
"\xC9\xC9\x36\x7B\x47\xE1\x15\xFA\x7C\x15\x0F\x27\x1E\xEF\x21\x06\x85\xE0\x43\x12\xFC\x43\xA4\x72\xEC"
"\x01\x44\xCA\xE1\x72\xAB\x9C\x41\xC4\xF8\xBC\x19\x48\x94\xC4\xF0\xCB\x62\xC0\xEA\xC1\x19\x19\x9B\x89"
"\xEB\x78\xD5\xF1\x9A\x64\xF7\xF5\x8E\x56\x39\x60\x3A\x8E\x44\x36\xDE\xC0\xC8\xEB\x9C\x14\x8A\xAE\xB5"
"\xC8\x86\xC2\x83\x81\x29\x90\xC3\x5C\xAD\xB1\xDC\x32\x23\xFC\xD2\x54\x9A\xA8\x34\x86\x85\xEA\x19\x89"
"\xD7\x03\x0E\x71\x43\x1B\xB0\x50\x74\x65\x90\x6B\x1A\xB5\x48\x4D\x31\xB3\xF7\xF0\x87\x12\xB9\xA4\x53"
"\x58\x3E\x2B\x76\x97\x9B\xF6\xD1\xD5\x78\xE7\x55\x83\x86\xC8\x64\x64\x67\xFF\xC5\x6E\xEB\x70\x42\xD7"
"\xF0\xE3\x1E\x89\x47\x12\x1A\x1A\x1B\xB5\x1C\x71\xB9\x89\xB1\x8F\x43\x2A\xDA\x3B\x16\x85\x4B\x0A\x91"
"\x09\xA8\xE3\x50\x80\xE3\x65\x5B\xE8\x45\x0D\xDE\xF5\x01\xD5\x9E\xCB\x5F\xD5\xDA\x79\x54\xE5\x50\x88"
"\x3A\xFE\x73\x62\xD0\x34\x3F\x9E\xA1\x77\x6F\x0D\x58\x0E\x83\xF2\x99\xCA\xCD\xC0\x8E\x1E\x69\x07\x43"
"\xBA\xB3\x85\x68\x33\xDF\x85\xE4\x58\xA1\x91\x16\x3D\xAC\xB5\xA3\xA0\x5D\xD7\xC0\x86\x1E\x76\x25\x66"
"\x95\xC2\x75\x6C\x77\xDF\x58\x4E\xB2\xBC\x1D\x6B\x6C\xCF\x1A\x6D\x4F\xAD\x7D\x03\x11\xFC\x4B\x1B\xA0"
"\xC3\xCB\xB3\x60\x88\x9E\x01\xD3\x36\x8C\x71\x90\x99\x73\xC0\x63\x4A\x91\x40\xD3\xBD\xC2\x55\xE2\x14"
"\x19\x66\xE9\x46\xA8\x36\x0E\xA4\xBA\xEC\x3D\x91\x5F\x86\x8F\x91\x4E\xFA\xD5\xB0\x20\x2D\x9E\x8B\x03"
"\x49\x6A\xFD\x37\xE5\xA1\x64\x00\x38\xCF\x6D\x23\x2E\x6A\xDC\x88\x2F\xE6\x81\x44\xC5\xC9\x8F\xC9\xAC"
"\x28\x53\x25\x57\x4C\x32\x9D\x65\xCF\x35\x7A\x26\xDF\x22\x5D\x66\xF8\x98\xC9\xEC\xB4\x7F\xD7\x51\x26"
"\xCA\x7E\xAE\xB9\xFA\x61\x03\x1C\xFB\xDA\x5A\x83\x7C\x8E\x9D\x5B\x7D\x68\xD0\x4F\x11\x70\x0C\x66\xCD"
"\xC7\x2D\xAC\x97\xA5\xDA\x46\xCF\xD8\x71\x2B\xB6\x09\xE4\xF2\x96\xD4\xED\xAF\x6A\x52\x29\xE7\x78\xD8"
"\x17\x03\x3E\xD6\x8B\xC9\x82\xFF\x24\x0D\x2E\x1D\x44\x57\x92\xBC\xBB\x41\xC5\x28\x66\xB3\xC5\x25\xDF"
"\xFB\xB6\xAE\x39\xD2\x0A\x31\x3B\xAC\xC7\xE6\x3A\x4F\x40\xA5\x98\xAE\x7E\x76\x92\x0C\x8D\x4D\x26\x67"
"\x12\x48\xA3\x46\xF9\x13\xB2\x31\x24\x63\x83\x8F\xAC\x69\xFA\xC5\x87\x72\xB3\xB9\x7B\x12\x9E\x70\x9E"
"\x3A\xD4\xB7\xC3\xBC\x7E\x0C\x85\xC8\x03\x24\x2A\xD1\xE3\xC2\xC8\xB7\xE7\x48\xC2\x76\x3C\x58\xB1\x05"
"\xD2\x08\xBC\x39\x1C\x16\x9C\x63\x2A\x71\x64\x32\x20\xAE\x45\xF6\x71\x1C\xDA\x4A\x55\xA8\xD3\x2C\x05"
"\x68\xA0\xD9\xC1\x51\xB0\x72\xC6\x79\x0C\x6D\x62\x60\x37\x41\xC8\x0B\x35\xD2\x8C\x28\xBA\x61\xE4\x80"
"\xE1\xE0\xF5\x78\xDB\x71\xEA\xF3\xDC\x3A\xE8\xB6\xD4\x30\x77\x1A\x74\xBD\xCE\xA3\xE2\xD1\xF2\xF3\x10"
"\xDB\xCA\xF4\xBA\x68\x9E\x5A\x96\xA2\xB0\x4E\x87\x6B\x36\x12\xE9\x39\x6B\x80\x38\x41\x7E\x90\xD2\x1B"
"\x68\xE5\x7A\xDB\xD8\x85\xED\x72\x40\xCA\xC4\xC9\x29\x09\xC7\x2A\x3C\x2E\x38\x7B\x09\x37\x14\xD1\x88"
"\x94\x27\xC7\xE9\x72\x01\x25\x31\xA8\x81\x25\x84\x3E\x4F\xD0\x70\xE9\x03\x37\xDC\x77\x44\x84\x5D\xD5"
"\xC5\x46\x26\x47\xFC\xC4\x17\x75\x55\xE7\x0E\x65\x40\x7A\x22\x11\x6C\x78\x58\x34\x19\xD5\xFE\x5E\x02"
"\x75\xED\x05\x72\x94\xA9\x03\xFE\x56\xC0\xE1\xE9\x72\x83\x5E\x3A\x24\xDF\x40\x89\xA2\xE5\x5D\x4F\x05"
"\x0B\x31\x2D\xF6\xDC\x4C\x8C\xA0\x60\xC7\xA3\x90\xD6\x36\x74\x29\x67\x6B\x8B\x91\x85\xCF\x09\x1A\xFA"
"\xE8\x0D\xF2\xBE\xCC\x2C\x82\x7A\x19\x16\xCC\x09\x01\x92\x97\xA6\xAB\xA3\x5A\x2C\xCE\x00\x32\xF1\x46"
"\x1A\x6A\x31\xD2\x3B\xDB\x48\xFB\x8F\x73\xCC\x82\x0F\xB5\xBC\x8E\x36\xC1\x4A\xE4\xFA\xCC\x24\x41\x87"
"\xCC\x7D\xB1\x10\xF0\xAB\xD8\xA2\x7D\xEC\xFC\x63\x73\x79\xB7\x2B\x1A\x96\x48\x38\x9A\x53\xBC\x99\x02"
"\x0D\x8E\xA8\xB9\x89\x6A\xC0\xD8\x68\x37\x2D\x9B\xF8\x62\x83\x3B\xA1\x19\x22\x30\xC6\x98\x79\x9F\x72"
"\x8D\x33\x85\xAC\x01\x65\x7F\x3E\xDE\x99\x64\xA1\xE2\x31\x5E\xEC\x28\xDA\x57\x62\x3D\x82\x76\xCB\x57"
"\x38\x69\x1B\x20\x12\x95\x39\x54\xC0\x74\x93\x69\x23\x71\x5C\x14\xAC\xD7\xC3\x6C\x28\xCA\xAC\xB2\x9B"
"\x31\xB3\xA6\xF2\x34\xA4\xEE\x77\xF1\xC5\xD8\x9C\xEE\x4E\x7C\xA6\x9D\x1B\xD2\x60\x07\xB4\x75\xAD\x87"
"\xB9\x48\xDA\x5E\x81\x2C\x16\xC6\x61\x69\x2B\x9D\xDC\x1D\x2C\x66\x2C\xA6\x3D\x62\x0B\x6A\x94\x6A\xB2"
"\x91\xF3\x26\xD1\xC8\x9D\x18\xB9\xAE\xC7\xA6\x34\xBE\xCB\x7A\xE3\x4F\x03\x4A\xAD\x3E\xD3\xAA\x88\xC7"
"\xE2\x44\xA0\xE4\x92\x50\x88\x52\x50\xBB\xFA\xEA\x3D\xED\x66\xC2\xA9\xC7\x75\x36\xC6\xD4\x26\x4E\x02"
"\xC6\xBC\x87\xAD\x8F\x81\x7A\x02\x2F\x68\xF2\x79\x4D\x8D\x62\x9A\x94\x13\xC9\x95\x2F\x51\x5F\x1D\xA2"
"\x15\x60\x71\x51\x25\xD9\xD2\x69\x70\x10\x29\x57\xCC\xAE\x78\xCF\x0C\x9E\x4D\xB5\x3E\xB9\x90\x23\x38"
"\x61\x72\x46\xA6\x67\xEE\xD9\x4D\x3A\x43\x5A\xD5\xDC\xCC\xB7\xC9\xDC\x75\x0A\x42\x27\x9A\x88\x85\xAD"
"\xE4\xA4\x62\xCA\x8B\x1B\x65\xBF\x50\x04\xFB\xE1\xC9\x15\x03\x4C\x1B\x2F\x1C\x72\x10\x08\xBC\xF6\xE6"
"\x29\x4C\x0E\xAD\xD4\xD4\x43\xBC\x1A\x04\x49\x7C\x2F\x2A\xFD\x6C\x14\xE4\x92\xA4\xEB\x57\x57\xA6\xF8"
"\xB2\xD2\x0F\xEB\xAA\xEF\xFD\x8A\xFE\xC1\xB4\xAB\xB9\xF3\x3D\x28\x20\xC4\x59\x10\x0A\x6B\x4D\xCC\xA9"
"\xC7\xE9\x7C\x52\x14\x7A\x08\x15\x0D\x2B\x34\xAD\x38\x43\x4F\x3E\x99\x54\x6E\x00\x26\x69\x25\x83\x3C"
"\xEA\x64\xFC\x1A\xFA\x29\x1B\x21\x27\xB4\x3B\xD6\x66\x34\xD4\x12\xE8\xCD\xF6\x38\xB5\x3B\x1D\x6B\x5C"
"\x16\x1A\x1D\xFA\xF4\x84\x86\x13\xB3\x1B\x1D\xB6\xB4\xC7\x91\x65\x4D\xE2\xF8\x8E\x9C\x4C\x8E\xB1\x59"
"\xA1\xD5\xF0\xA3\xD6\xEA\x42\x88\xF8\x38\x49\x1F\x39\xAD\x82\xFA\x86\xC5\x29\x06\x39\xC7\xD5\xD5\x15"
"\x4F\x39\x27\x84\x57\xD3\xAD\x21\x9C\x40\x6A\x6B\x51\xD2\xE5\xC2\xE6\x8C\xB4\xA6\x13\xF5\xB8\x9C\xE1"
"\xAA\xBE\x3D\x7F\x82\xD1\x12\xD6\x91\x2D\xE4\x38\x25\xC8\x6C\xB7\x45\x45\xCD\x7A\xE4\x27\xD9\xDB\x7D"
"\x81\x1C\xCE\x5D\x48\xEB\x28\x04\xEA\x45\xCE\x30\xE5\xB8\xBB\xE3\x60\xF1\xEA\xFE\x62\xBD\xB2\x94\x3E"
"\x66\x6D\xCA\xFB\x29\x3D\x63\xC6\x36\x6F\xF6\x80\x63\x42\xF8\x86\xB4\x0E\xA1\x95\xDF\x95\x4B\xCD\x5C"
"\x9E\x75\x9D\x69\x4A\x6D\x4F\x0F\xB1\x38\xC7\x60\x0C\xD7\x62\x8E\x1C\xF7\xBD\x51\x16\xE2\x8C\x82\x23"
"\xD2\x6E\x27\x11\x23\x5D\x97\x61\xB8\x8D\xCC\x99\xAB\x61\x62\x71\x3C\x59\xED\xF0\x30\x62\x52\xBF\xDB"
"\xFC\x6E\xE7\x5E\xE5\x9A\x65\x8C\xEC\x14\xC8\x4E\xF8\x66\xC7\xCF\xCD\x4B\xEE\x90\x5A\xEF\xE0\x55\x7E"
"\x13\x3D\xF8\x92\x82\xC6\x9C\x4F\x42\x06\x3D\x91\x1B\xD0\x0B\x81\x16\xF6\x45\x77\xF4\x14\x42\xC8\x67"
"\x9B\x3E\x19\x1F\x6C\xE0\x61\x4A\x03\xB3\xBA\xE3\xB5\xE4\xD4\xCD\x99\xB4\xF8\xF6\xD4\x77\x72\x16\x38"
"\x9E\xF5\x61\x7F\xB0\x8D\x4F\x26\xC7\xA5\xAE\xD4\xB3\xE8\x20\x87\x3B\x53\x37\x09\x1C\x35\x79\x73\xC0"
"\x29\xCF\x44\x70\xA3\xC9\x15\xF1\x05\x45\x34\x9D\xEC\x1B\x5B\x6A\x22\x8C\xE2\x8C\x15\x18\x40\x48\xE4"
"\x7A\x7C\x8E\xB5\xAB\xBD\x88\xBD\xC4\x7A\xF1\x5E\x41\xD3\x69\x07\x9D\x10\x57\xF9\x16\x4F\x8A\x5F\x6B"
"\xE5\xC7\xAF\x49\xD2\x99\x61\x62\x36\x78\x70\x8D\x71\xDD\xE0\x4B\xAA\x9B\x1D\x1E\x2A\x82\x49\x61\x53"
"\x34\xC4\x21\xE2\xFA\x18\xCE\x90\x25\xC4\x38\x04\x45\xB9\x22\xBA\x6F\xA6\x88\xB1\x3F\x27\x0A\xA0\x1E"
"\x93\x27\x93\x12\x27\xB5\x7B\xCC\xA7\x83\xA6\xCF\x74\xFA\xCE\x62\x92\x8F\x9C\xB4\x49\x89\x0D\x87\xC8"
"\x1B\x07\x84\xD4\xA4\x2F\xD2\x7D\xAC\x14\xF0\xF0\x7E\x02\x40\x1A\x95\x26\x14\x75\x59\xEA\x28\x44\xA9"
"\xCF\x53\xEE\xE8\xAD\x43\x5E\x78\x45\xED\x6B\xD3\x67\x5E\x22\x2B\x39\xBD\xD0\xB4\x78\x9E\x77\x11\xAA"
"\x66\x8D\x68\xB9\xD7\x61\x20\x38\x92\xF5\xFA\x2D\x5A\x52\x51\x1D\xAA\x75\x38\x39\x16\x85\x79\x90\x23"
"\xB3\x19\xC5\x8A\x6D\x3F\x6E\x25\x6F\x88\x05\x70\x98\x12\x86\x91\xA8\xA9\x82\x32\xAF\xC7\x0C\xEA\x99"
"\x2E\x2D\xED\x2C\x61\x93\x09\xA0\xB3\x57\xB0\xD2\x5F\xF8\xA8\xAE\x81\x77\x93\x6F\xD4\x8D\xE6\xA8\x6D"
"\x6C\x0E\xBA\x9E\x7C\x5B\x5B\xCC\x5A\x5F\xA7\xB7\x48\x80\x26\x96\x65\xA2\x64\xFE\x6E\xDA\x68\x65\x2C"
"\x13\xD5\x5D\x08\xEF\xD6\x90\x11\x1F\xAE\x13\x82\xC7\xB8\x71\x82\x71\x94\xA4\x22\xE1\xB8\x1D\x6F\x4B"
"\x1A\xEE\x1A\x89\x25\x47\x73\x5B\x4F\x97\x9E\xB2\x61\xED\x7C\xEE\x51\x80\x18\xDB\xA1\x8E\x15\x97\xB7"
"\x62\x82\x6C\x11\x19\x3E\x41\x0F\x04\xB8\x63\xA4\xA5\x3B\xE5\x2C\xAE\xB3\x4E\xB2\x2B\x5C\x20\x43\x65"
"\xB7\x8A\x61\x16\xCB\x3E\x9C\x0D\xA1\x02\xA2\x14\xEE\x7B\x4B\x6D\x47\x93\x6A\x07\xAE\x7C\x98\xB7\xB8"
"\x21\xD9\x82\xA5\x70\x79\xC9\xBF\xF0\x04\xCB\x30\x21\xBC\x8E\xD4\x22\xEE\x4B\xB2\xAF\x0C\x85\xE4\x40"
"\xBD\xF7\x08\xB6\x8E\xB4\xE1\x1C\xE7\x33\x08\xD8\x09\xE1\x63\xC2\x13\x56\x4E\x1D\x3B\xFF\x96\x51\x43"
"\x4A\xDC\x54\xD5\xD8\xD9\xB5\x83\x00\x3A\x43\x11\xB1\x3A\xC8\xF3\xE7\x8E\x77\x45\xD2\xA8\xC3\x14\x65"
"\x54\xEF\x11\xEB\x24\x31\x1C\xEF\xE5\x31\x20\xC8\x36\xC9\x71\x8A\x99\xAB\x8D\x41\xF5\x7A\x8F\xA2\xD4"
"\x04\x72\x14\x34\x9B\xE5\x81\x77\x64\x57\xB5\xC7\xAC\x8C\x21\xED\xC2\xED\xC7\x53\x11\xD9\xCB\x89\x73"
"\x89\x44\xBE\xD2\xD2\x29\x2F\xC1\x90\x0F\x4E\xCD\xB4\x86\xBD\x08\x4A\xB9\xD2\x91\xB3\x38\x0A\xA7\xAE"
"\x67\xC6\x3D\x57\x4E\x79\xBA\xBC\x62\x33\x6E\x21\x2D\x3D\xA2\x24\x72\x59\xA0\x28\x68\xAB\x99\x46\x84"
"\xEF\x52\x5E\x3D\xB8\x05\xA5\xA9\x62\x53\x7E\x6B\x19\xBC\xA7\x45\xE0\x8F\x6C\x8F\x9D\x29\x9F\xF9\x66"
"\xAD\xE3\x90\x63\x4E\xB8\x13\xE8\x77\x53\xA2\x44\x2D\xF9\x8A\x26\x9C\x2A\x8B\xB5\x8A\x02\x3C\x1D\x12"
"\x57\xE5\x87\x51\xF0\x51\x7D\xC8\x0E\x06\x4D\xC7\xD1\xAC\xB9\xCA\x64\x40\xAF\x70\xA7\xD3\x19\x6C\x0C"
"\xBA\xD8\xEF\x38\xD4\x9A\xEF\x0C\xF8\x63\x32\x73\xD0\xB0\xC8\xCC\x98\xF5\x50\xE4\x84\x0D\x27\xC5\x1D"
"\x95\xA4\x12\x34\x9A\x03\xA5\x3B\x34\xCA\xA1\x8C\x28\xE9\x2B\x6B\x84\x8A\xFD\xCD\x8E\x41\x9F\xCD\x94"
"\x68\x36\xA8\x9D\xE8\x2F\xA8\x97\x47\xD4\x1A\xD4\x1B\x6E\xAF\xF4\x34\xBE\xD0\x5A\x79\xAA\x0A\xA6\x00"
"\x0D\xC5\xB2\x2A\x98\xAB\xCE\x89\xEF\x65\x7B\x71\xD3\x9D\xD7\x2D\xB3\x18\x67\x68\xA6\x6C\x34\xC7\x46"
"\xA1\xB2\xDB\xA9\x97\x89\xE6\x5C\x03\x00\x69\xD5\x8D\xCB\xF2\xB8\xC1\xCF\xD3\x0A\x13\x02\x4A\x25\xB6"
"\x8B\x31\x47\x39\xDE\x03\x07\x65\x88\x1B\x3F\xB5\x03\x50\x9E\x36\x2B\x63\x17\xC1\x73\x21\x2C\xC6\xBC"
"\x98\x05\xE6\x55\x1D\x4B\xB7\x50\x18\x66\xD6\x9E\x21\x54\xDE\x0C\xD5\xF9\x03\xDE\x77\x42\x9A\x51\x6D"
"\xFE\x90\x04\xA6\x50\x86\xA5\x46\x60\x2D\xC5\x57\x47\x33\xD7\x56\x39\x63\xE9\x9A\xAF\x32\x61\xDB\xC1"
"\x25\xE3\xC0\x74\x3C\x96\x7A\xD7\xA8\x9D\x70\xA6\xF1\xC8\x05\x85\x09\x53\x9C\x08\x8D\xA9\xBB\x5D\x99"
"\x6C\x43\x16\xC6\xD6\x06\x1B\xA1\x5B\x8A\x70\x62\xC2\x74\x6C\x65\xE7\x6A\x2E\xA4\x7F\x68\x12\x26\x05"
"\xBB\xB5\x94\xDB\x32\x3A\x76\x0D\xA0\x91\x28\xF3\x85\x97\x9E\x7D\xF3\xB3\x26\x3C\xF8\xB6\x83\x19\x3C"
"\xAA\x1D\xDA\xB7\x23\xD5\xA8\x23\x1D\x68\xAD\xAE\x5C\x5A\x17\x27\xC9\xD1\x42\x56\xE6\x34\x4E\xBE\xDD"
"\xE5\x02\x50\x81\xCB\x9A\xD6\x02\xC5\x39\xDB\xCC\x20\x82\x88\x39\x10\xD3\x4C\x54\x6C\x44\x37\x69\xE7"
"\xB1\x60\xF0\xA0\xAD\xA0\xF5\x64\xBC\xFA\xD3\xA5\x41\x1F\x96\xBC\x9A\x77\xC2\x3B\xCD\x8B\xBA\x60\xD5"
"\x4D\x87\x8E\xDD\x23\xDC\xA1\x84\x01\xE6\xFC\xA0\xAE\x60\xBA\xA5\xAE\xC4\xEF\xD9\x01\xCD\x17\x39\x4D"
"\xD2\x85\x4A\xF5\xC7\xED\xBF\x9B\xC0\x19\x61\x76\x8E\xCC\xB1\xE0\xB8\x39\xB6\x72\x76\x28\x9E\xF4\x48"
"\xD3\x89\xC2\xF3\x46\xF0\xBD\x71\x10\xD4\x3F\x58\xBA\xAC\xA2\x93\xA2\x1A\x4E\x8F\xEB\xDC\xEB\xC9\x5B"
"\xD1\x5C\x09\x63\x91\x4C\xDA\x8D\x27\x30\x6B\x7D\x8E\x8F\xD8\x81\x1C\x4B\x0B\x3C\xE0\x61\x5F\x54\x94"
"\xF2\x58\x84\xC3\x71\xE0\xF0\xA4\xBB\x94\x28\x08\x9C\xEA\xAD\xBA\x50\x89\xF3\xE8\x73\xD1\x1A\x69\x42"
"\xF1\xF6\x54\xB0\xEC\xCC\xD3\xE7\xE8\xBA\x4D\xB9\xAF\xDA\x2D\x45\xAA\x0F\xA3\x81\x71\x42\xD9\x40\x4D"
"\x51\xA4\x43\xF8\xF1\x68\x3A\x8F\xC0\xD9\x95\x5D\xF3\x96\xE0\x81\xDA\xB1\xA9\x47\xC0\x67\x69\x90\x28"
"\x68\x9A\x74\x90\xA9\x43\xB5\x22\x94\x97\x85\xC1\xEE\xC6\xF6\x8D\xA0\x0A\xC0\x5E\x19\xB8\xED\x54\x4E"
"\x27\x32\xC9\x7A\x87\x4C\xC8\x8C\x1D\x47\x1D\xE0\x96\xE2\x30\xBC\x66\x53\xFB\x1E\x87\x1F\x97\xC3\x5B"
"\xE7\x37\x4B\x15\xDC\x69\xAE\xAD\x2B\x95\x94\xFD\x08\xC0\xD0\x2C\x67\xD6\x75\xD7\x50\x8B\x94\x86\x3B"
"\xE4\xB2\x3E\xA3\xB8\xDF\xD6\x2C\x5D\x44\xFE\x1E\x33\x24\x86\x58\x08\x5A\x2C\x7F\xC6\xD5\x79\xC8\xC5"
"\x39\xB1\x1A\xCD\x3D\x6D\x36\xA9\x44\x84\x52\x93\xEA\x73\x2E\x99\xCC\x19\x2D\xC7\x51\xDF\x00\x5A\x36"
"\xBB\xD3\x16\xDA\xF8\x10\xAB\x8B\x77\x4A\x94\x54\x43\x44\x37\xFC\xA8\xE3\x7B\x5B\x28\x72\x48\x22\xB5"
"\xE2\xD5\xBE\x84\x78\x16\x49\x47\x18\x77\xE3\xE6\x86\xD4\x3B\x43\xF2\x0E\x81\x43\x67\x6E\xC3\xA5\x27"
"\xE0\x1D\xFE\x05\x4B\x87\xB4\xD6\x88\x8B\xCB\x42\x16\x80\xC5\x36\x51\xC8\xDC\x30\x8E\x0F\x0D\xA6\xD9"
"\x60\x4E\xA5\xAE\x60\xC6\xA9\x63\xCB\x92\x36\x17\x17\x1D\xEA\xF3\x68\xBC\x61\x27\x35\x63\x2B\x3A\xEC"
"\xFF\x91\x81\x09\x3D\x57\x19\xCF\xB9\xA2\x6B\x4D\xA3\xE4\x6F\xE6\xAB\x59\xA3\x55\x6E\x9E\x7B\x8E\x13"
"\xAF\x00\x2E\xEE\x6B\xA5\xE8\xB8\xC0\x03\xF0\xB9\xB0\xF7\x5F\x96\xB9\x08\x5B\x96\x23\x30\xA5\xBA\x6B"
"\x9F\x76\xC8\x49\xB4\x73\xA0\xEB\xA2\x9C\x92\x8D\xAE\xDA\x41\xB3\x0E\xC0\xBC\xE2\x53\x28\x0A\x53\xD8"
"\x8D\xF2\xF1\xA8\x2E\x13\xD5\x7B\xC4\x89\xEE\x5D\x57\x4A\xD1\x4C\xA4\x2D\x83\x05\x3B\x86\xE7\x51\x38"
"\x35\x0A\x33\xD8\x1C\xC8\xC9\x16\xB3\x61\x42\x06\x2C\x49\x6E\x5C\x87\x39\x56\x29\x9B\x7F\x66\x96\x84"
"\x98\x7C\xDA\x24\x18\x5F\x2A\x6F\x62\x8F\xF0\xA1\x68\xE9\xB7\xCE\xD1\x5C\x36\xF2\xC6\x95\x1D\x95\x7D"
"\xAB\x2A\x74\x34\xEA\x6B\xF7\xB1\xE0\x08\xDB\x23\xFA\xB5\x69\xA6\xB1\xDF\x92\xBA\x1B\x62\xD1\x14\x15"
"\xDC\x33\xA7\xAE\x9B\xFB\x62\x4C\xD4\x0D\xF6\xE4\x3F\xA2\xEC\x75\x7E\x33\xD4\xB2\xDA\xAD\x42\x53\x7A"
"\x3D\xF7\x9A\x7D\x8E\xDA\xB6\x0E\xAC\x45\xC6\xF5\x79\xDE\xBC\x4C\xA7\xD4\xB9\xAB\x14\x54\x34\xE3\xD0"
"\x0A\x0D\x84\x85\x79\x9B\x78\xCA\x70\xF7\xC6\x17\x29\x62\x23\x67\xB2\x6A\x63\xB6\xF6\xF0\x83\x84\x47"
"\xE7\xAC\xDA\xA2\xCF\x4D\xA6\x94\x36\x32\x4A\xF9\x8D\x5C\x3E\xB2\xC9\x41\x7F\xAC\x9C\x42\x10\x41\xE4"
"\x1E\xA9\xA6\x8E\xB1\xF0\xBB\x4A\x54\x65\x01\xD7\xBA\xA6\x94\x51\x6A\x77\xB9\xCE\xAD\xAE\x4A\xC6\x64"
"\x52\x98\xAD\x9A\x16\xBB\xCB\x59\x94\x93\xFE\xD5\x6F\x4A\xB9\x23\xC0\x0A\x59\x52\x47\x80\x06\xC6\x1B"
"\xD1\xBC\x35\x17\xFA\x32\x33\xAF\xAE\x83\x67\x95\x4E\x68\x2D\x4E\x19\xC9\x2C\xD5\x06\x99\xA0\x0A\xBB"
"\x8B\x93\x2E\x27\xB4\x63\x71\x55\xF1\x74\xB3\xC2\xF3\x1D\x1B\x34\xF3\xAC\x45\x1A\xB8\xEE\x2F\x67\xD5"
"\xEB\x3F\x88\x89\x4C\xA2\xFC\x0E\xB1\x3D\x17\xF4\xB9\x23\xF7\xDB\x88\x1D\x56\x4C\x16\x54\x27\xCB\x1B"
"\x26\x11\xBA\x43\xB6\xD6\xB5\xBB\x96\x44\xBA\x01\x86\x3E\x6D\x52\x62\x0D\x18\xAB\x81\x65\x96\xB8\xE8"
"\x86\x3D\x61\x60\xE3\x56\x35\x0A\x5C\x7E\xFF\x3A\xF0\x2C\x84\xD4\x72\xAF\x6E\x68\x9B\xC4\x4A\xB9\x70"
"\xD3\x99\x87\x72\x42\x8D\x45\x8E\xB7\x3C\x40\x59\x48\x91\x5A\x6C\x24\x05\x19\x79\x3A\x67\x86\x76\x3F"
"\x39\xD0\x5C\x41\x9F\x55\xD6\x1D\x57\x6D\x99\x0C\xD4\xDA\x14\xC3\x35\x8F\x1F\xE9\xBB\xF0\x9E\x80\x33"
"\xF6\x65\x75\x28\x49\x07\xAA\xBF\xCE\xA1\x0E\xED\x7F\x00\x8E\xEF\x30\x8D\x1D\xDF\x12\x0D\x3A\xD0\x5E"
"\xA5\x0B\x8C\xF3\xBD\x5F\xBD\x36\xB1\x32\xDC\x87\x2B\xF3\x8B\x70\x7A\x92\x25\x0E\xD7\xA2\x02\xB3\xEB"
"\x8B\x16\x8E\x81\x31\x1B\x4F\x00\x9E\xA7\x9F\xC7\xBF\x2D\x08\xA7\xF7\x5A\x87\xBA\xD8\x06\x0D\xBD\x32"
"\x12\x38\x9D\x00\x75\x25\x1D\x74\xE6\x9E\x39\x66\xE8\x35\xE7\x6F\x5E\x0C\xD9\x8C\xB6\x4B\x72\x24\xDD"
"\xA4\x9D\x95\x01\x6C\x34\x85\x8F\xAA\x36\x83\x64\xA6\x2F\xA0\x8B\xFB\x3E\xA9\x41\xAC\x15\xC5\x65\x77"
"\x62\x43\x55\x84\xCA\x34\xB3\x39\x62\x92\x59\x4D\xB2\xC8\xA4\x82\x79\x34\xC7\xD8\xC3\x0C\x40\xCD\xAE"
"\x43\x42\x7D\x36\xB8\x8E\x53\x60\xEA\xE5\x15\xA0\x46\xC1\xD8\x52\x44\x1B\xB7\xB3\xBE\x46\xCD\x0E\x8E"
"\xF0\x52\x32\x5E\x6B\x61\xDA\xCD\xCC\xA8\x24\xD1\x93\x2E\xE8\x6A\xB6\x3D\x2C\x1D\x13\x14\xD9\x0B\x5F"
"\x60\x5A\x78\x46\xE1\x55\x6B\xAD\x95\xD2\xA6\xE1\x62\x2C\xEC\xA1\xA5\x6B\xCC\x8F\xAD\x53\xCE\x35\xF8"
"\x1F\xF2\xE5\x20\x82\x8F\xB0\xA1\x92\x6B\xD6\x03\x20\xBD\xC1\x84\x0E\xDF\x4C\x7A\xF4\x88\x32\xCE\x72"
"\x50\x2D\x98\xD7\x41\x36\xD2\x59\x83\x5F\x9A\xF3\x52\x8D\x85\x60\x57\xEC\x61\x40\x1C\xF5\x04\x6D\xDA"
"\x95\x7F\xBF\x87\xE0\xA8\xD2\x2F\x7A\xA8\x3D\xEB\xF9\x35\xE1\xB3\x52\x71\xD0\x96\xD3\x73\x7B\xD4\x28"
"\xA3\x4F\xEC\x64\xCF\xEE\x1A\xCA\x41\xAF\x39\x24\x42\x13\xD2\x3E\x06\x67\x77\x64\x03\x25\x35\x56\x7A"
"\xF1\xB6\x3A\x6D\xA3\x7C\x53\x74\x3F\x31\x88\xBE\xF6\xEB\xC4\x72\x73\xFE\xAC\x86\x05\x33\xDC\x7C\x02"
"\xEC\x65\x9B\x59\x2B\x02\x03\x4C\xED\xD1\xEC\xB5\x89\xA7\xE3\xAF\x0E\x74\xAD\x3E\x41\x87\x6E\x31\xE7"
"\x88\x5B\xC9\x81\x67\x93\x0A\x7A\x3C\xEB\x39\x65\x23\x47\x90\xAF\xFA\xCB\xCD\x77\x9F\xD9\x97\x13\x14"
"\x34\xA5\xA6\xC7\xAB\x19\x73\x03\xCB\x65\x3E\x1D\xCD\x9A\x45\x36\xCD\x09\x59\x91\xBD\xF8\xAE\xAB\x17"
"\x38\x68\xC3\xBB\xD4\xC8\x35\x56\xB7\x26\x36\x0A\xA5\x0E\xF3\x59\x23\x2D\xAA\x65\x43\xA7\x79\x69\xA2"
"\xF6\xCC\xF3\xAD\xCC\x7A\x59\xA6\xA7\x31\xD5\x9D\x55\xD5\x97\xC5\x8A\x73\x4A\x85\xC0\x99\x78\x9C\xF5"
"\x52\x37\xCE\x69\x64\xBE\x58\x62\x5A\x78\x06\xC5\x8F\x46\x56\xB4\x43\x06\x3A\xC5\x4F\xCA\xD8\x60\xC8"
"\x49\x39\x56\x15\x34\xB2\x28\x09\x47\xEB\x4A\xE7\xBF\x46\x78\x64\x66\x4E\x30\x4C\xC5\x41\xE4\x8E\xD3"
"\xB5\xC1\x68\xC7\x57\x36\x99\x57\x68\x50\x63\xBB\xE9\x92\xB3\x87\x3D\x71\x18\x97\xCF\x5C\xE1\x39\x10"
"\x97\x95\xCD\xC0\x79\x41\x85\xD2\xF7\x86\x25\xFE\x44\x4A\x8C\x2E\xA6\xB7\x1D\x85\xD9\x11\xBD\x26\xED"
"\x4C\xFB\xB4\xF6\xC4\xC2\xC2\x9E\xE2\xBF\x1E\x84\x22\xF3\x60\x69\x37\x20\x4A\x5B\x19\xA0\x5D\xCB\x7E"
"\x7D\x0A\x99\x76\xA4\xFD\xE3\x22\x5D\x69\x7E\x68\xBF\x4D\x94\x6A\xEA\x99\xD3\xE1\x6A\xE3\x82\x9D\xDB"
"\x02\x9A\xC9\x6B\x9C\x15\x61\x1E\x31\x55\x89\x47\x3C\x08\x20\x68\xCC\x93\x31\xAD\x17\x25\xEF\x38\xD1"
"\x2B\x00\xE7\x54\x46\x72\x64\xFA\x79\x96\x69\xA8\x8E\xAE\x96\x16\x4B\xF2\xF1\x9A\xA0\x98\x23\x7A\x5A"
"\x04\xB7\xE6\x92\xAC\xE9\x81\x89\x03\x60\x67\xD5\x1E\x0F\x11\x38\x9E\xEC\xDE\xBC\x0A\xD7\x61\xFC\xEF"
"\x7E\xA2\x72\x1E\x1D\x61\xED\xF6\xA3\x8B\x47\x68\x0C\x9B\x3A\x2A\x2A\xC8\x6E\x8F\xFC\x0C\x30\x46\xD2"
"\x83\xEC\xA0\xCA\x6F\x96\x93\xA5\xC5\x33\x91\xFB\x7E\x87\xD3\x65\x50\xFE\xBE\x72\x1B\x3B\x96\x85\x4B"
"\xB5\x3C\xD8\xD5\x48\x1D\x7D\x44\xE9\x01\xD1\xC2\x1D\xD3\xBB\x8C\x33\xAC\x04\xC7\x70\x3E\x28\x7F\x73"
"\x90\x32\x0D\x4C\x15\x56\xCF\x98\xD9\x90\x0C\x93\xA9\xAC\x93\x1C\x98\x7E\x6D\x00\x5C\xD1\xE1\x42\xCA"
"\x2C\xCE\x3A\x13\x83\xCD\x79\x39\xAC\x02\x5D\x98\x13\xF9\x2F\x0A\x94\x14\x76\x71\x9D\xF9\xB4\x6E\x2A"
"\x21\x52\x70\x8E\xD4\x71\x84\x5E\xAF\xB6\xA3\x6C\x62\x4B\x9F\xA9\x7A\x27\x86\xB9\x23\x5D\xDD\xE7\x15"
"\x2A\xE6\xFD\xF9\x21\x03\x18\x47\x92\xF3\xF3\xC8\x99\x9E\x34\x0C\x16\x50\x84\x8E\xA5\xBD\x32\xB1\x88"
"\x10\x9F\x44\x8B\x0D\xB2\xEE\x9A\xEC\xBD\x12\xED\xC6\x06\x1B\x96\x60\xEF\x53\x3B\xF4\xDE\xB4\x03\xFF"
"\x1A\xB7\x86\x2E\xFC\xD9\xB4\x8D\x55\x53\xA6\x8B\x6C\xC2\xDA\x36\xE9\x6B\x45\x17\x73\x43\x5D\x6D\xD2"
"\x31\xB2\x1E\xF4\x02\x6D\xBE\x94\x2D\x8F\xD9\x8F\x1A\x74\x73\x8F\xE4\x67\x53\x2B\xC9\x4A\xD3\xB0\xF6"
"\x59\xEC\xC1\xFC\x03\x8A\x14\xD7\x91\x93\x44\x67\x71\x97\x7B\x85\x09\xAE\xBD\x13\x20\xFC\x7D\x0A\xC4"
"\x66\xFF\xC4\x44\xB6\xA9\xB9\xBD\xE2\xFE\x9C\x94\x42\x9B\x41\xEE\x0E\xC1\x26\x48\xE7\xB2\x38\x39\xE6"
"\x80\x2F\x7A\x85\x6B\x81\xFC\xD4\x91\x9E\x0D\x4F\xB6\x1C\xC9\xF1\x8A\x85\x9D\xCC\x3C\xB5\x77\x06\xF6"
"\x6C\x44\xF2\x61\xA0\x66\x37\xE9\x11\x6E\xAA\x99\x22\xCB\x39\x2D\xA1\x79\xE4\xB1\xB6\x06\x3B\xF7\xD8"
"\x36\xC6\xCB\xA4\xD4\x0B\x8F\x74\xA0\xE5\x5A\x2B\x9B\x4F\xB3\xA0\x72\x47\x99\xE5\xA0\x35\x54\x5F\x66"
"\x3B\xB6\xB4\x58\xB1\xDB\x35\xEB\x8E\x83\x60\xF3\x13\xB2\xB1\x8D\x0B\xD6\x9B\x00\x4C\x7B\x41\x8E\xD8"
"\x6E\x7D\xCB\x4A\xBD\x8E\x5A\xCD\x6C\x7A\x1E\x6D\x4B\x57\xD4\x97\x1B\x8A\xDE\x40\x72\x27\x22\x4F\xCD"
"\xE2\x08\xAC\xE9\x5F\x6B\x33\x42\x34\xB5\x45\x71\xCC\x5E\xD5\xD1\x1C\xC2\xB1\xF7\x1B\x2C\x90\x6B\x87"
"\x58\x8C\xA7\x80\x28\xC6\x14\x4B\x51\x18\x33\xB5\x51\xAE\x1F\x6B\xCC\xC3\x6E\xAE\x44\x6C\xCA\xF5\x7A"
"\xEB\x20\x62\x29\x91\x7A\x92\x59\x78\xD6\xFE\xBB\x98\x16\xEE\xC4\x8D\x38\xCB\xC0\xEF\x98\xA5\xFF\xF1"
"\x6E\xD2\x84\xEF\x09\xBC\xB2\x1C\x9E\x26\x15\x28\xE0\xE1\x71\x46\x49\x35\x59\x48\xA7\xD4\x9C\x1F\xD4"
"\x10\x61\x6C\x62\x16\xC8\x7F\xB8\x29\xD9\x7D\xA9\x3D\x7A\x96\xA0\xEB\xD7\x17\x84\x39\x87\x10\x47\x6A"
"\x9A\x5C\x8B\xBA\x61\xA4\x4A\x3A\xA6\xB9\x31\xDD\xD9\x31\x00\x87\x51\x6D\x72\xD6\xBA\x93\xD1\x71\xB9"
"\x58\x92\x2A\xFB\x69\x94\x23\x8A\xC1\x89\x25\x82\x9D\xE0\xF7\x2C\xB7\xA4\x4E\x62\x5A\x1D\x5C\xA5\x53"
"\xA1\x7D\x6D\xCC\x20\xB9\x08\x66\xD1\x60\x02\x20\x8D\x23\x9F\x6E\x6C\x59\x75\xC6\x6F\xBF\x08\x68\xA5"
"\x0F\x6C\xC7\x62\x51\x9F\xBA\x4D\xBD\xEB\x16\x83\x71\xEA\x8C\x38\x9C\x50\xF4\x75\x67\x05\xD9\x5B\xE2"
"\xC1\x59\x7B\xD4\xD1\xBC\x20\x04\x54\xD5\x82\x66\xC4\xD4\x68\x37\xCA\x1C\x39\xF1\x5E\xA9\x69\xCF\x10"
"\x59\x87\xDA\x38\xB8\x04\x68\x2F\x0E\x11\x90\xCB\xC5\xCC\x58\x69\xB3\x9F\xF6\x8E\x53\xDA\x2D\xC5\xB1"
"\x6A\xE5\xBE\x20\x13\x26\x8B\x4B\x35\x54\x45\x9D\x50\x3A\x14\x6F\x84\xD8\x22\x7D\x1C\x54\xDD\x5D\x86"
"\x08\xEB\xC6\x77\xF3\xCE\x55\x1A\x96\x03\x1B\xEF\x14\x18\xDA\x6F\x62\x61\xC6\xCC\x01\xBA\xCF\x36\xF3"
"\x72\xE4\x5B\xD6\xCE\x87\x63\xD2\xE1\x66\x34\x96\x09\xCE\x0D\xA9\xB0\xC3\xC3\x27\xF5\xE2\x20\x21\x45"
"\x1F\xDD\xA1\xB6\x43\xCA\x00\xDB\x9D\x52\x15\x1D\xC2\x52\x49\xC1\x71\xBE\x9B\xA5\x4B\x14\x1F\x65\x37"
"\x23\x9D\x9D\xDD\x51\x52\x6B\x0A\xC2\x80\x2A\x27\x22\x44\xCF\xEB\x52\xB2\x24\x53\xA9\x32\xE2\x89\x2F"
"\xA6\xB2\x6D\x03\x96\xC6\x67\x7E\x8D\x73\xE5\x54\x15\x17\xC3\x95\xD6\xA6\x00\x33\xCB\xE2\x08\x18\x3F"
"\xF4\x9E\x6C\x7C\xC6\xB7\x18\x67\x08\xA6\x4E\xAE\x52\xBA\xDE\x66\xF7\x56\xF3\x7D\xE1\x66\x3B\xC9\x4F"
"\x4E\xF5\x38\xB2\x4A\x59\x7D\x0C\xB9\x34\x12\x84\xA7\x46\xF0\x50\x69\x2C\x71\xEC\xEC\x1F\x4E\x27\x04"
"\xF5\x9E\xF2\xE1\x79\x3B\x7C\x20\x8F\x20\xEF\xD5\xE2\x43\x97\x4A\xBC\xBB\x1C\x38\x15\xE7\x19\x83\xB4"
"\xEE\x08\x4F\x6B\xB6\x9F\x28\x0B\xF4\x83\xAC\xB3\xD0\xE1\xCA\x02\x8A\x55\xEE\x52\xB2\xCE\xEA\x38\x25"
"\x05\x41\x4E\xFE\x5C\x26\x07\x8D\x4A\xDC\xCC\x2F\x43\x75\x97\xB8\x2D\xA2\x0F\x8F\x6A\x78\x70\xDE\x71"
"\x6B\x61\x9D\x1F\x5C\xA7\x1D\xC1\x50\x15\x41\x56\xD9\x06\x19\x0C\xDD\xBD\x9C\x47\xCF\x28\xF1\x8A\x8D"
"\x93\x23\x38\xC1\x16\x83\x39\x95\x3D\x36\xA6\xE6\x94\x5B\x86\xEC\x58\xA2\xAE\xB1\xC3\x02\xD4\x88\x66"
"\xC3\x69\x96\x37\x5B\xA7\xE0\xF3\xA2\x72\x2B\x0E\x29\xDA\xB0\x47\xAE\xDD\x09\x67\xAD\x3E\xF7\x0A\xF2"
"\x4C\x77\xC7\xF5\xF3\x0B\x6F\xE0\x49\x8F\xC0\x9E\xF4\x9F\x9B\xAF\xDF\x1E\x29\xBC\xEA\x08\xD0\x1A\x9D"
"\xD2\x58\x4F\x36\x29\x6E\x19\x7E\xA8\xF8\x9D\x33\x29\x3D\xC6\x0D\x85\x6A\x92\x6C\x22\x40\x9F\xC7\x08"
"\x93\x59\x1F\xD4\xEB\xFF\x71\x6D\xE8\x77\xD5\xB8\x24\xEA\xA5\x1A\x55\xF7\x82\x4F\xF4\x50\x7E\x50\x2F"
"\x53\xF3\xE6\x84\xAD\xF3\x22\x29\x4E\xF5\xEC\x90\x51\x46\xE5\x19\x6A\x15\xB9\x9A\xD7\x14\x3D\xCA\xD5"
"\xB0\x89\x45\x9A\x7C\x4F\xA2\x66\xEF\x78\x45\x4F\xF0\x57\x33\x28\xC8\xA3\xDD\x3A\xA6\x21\x5C\xE4\x70"
"\x47\xCB\xA4\xC9\x48\xCF\x4D\xFE\xB5\xF8\x68\xCB\x22\x75\xBC\x9C\xD8\x7B\x12\x5D\x74\x62\x19\x80\xFF"
"\x86\x11\x50\xBE\x55\x11\xF4\x58\xA2\x98\xAD\xC7\x33\xDB\xA1\xA8\x8E\xF7\xD6\x13\x46\xAD\x0A\xBD\x66"
"\x4C\x9E\x5C\x31\x21\x5F\x19\xBD\x69\x61\x51\xD5\x9A\x6B\x76\xD4\xA3\xBB\xD5\xA3\x43\x91\xE6\x53\x06"
"\x53\x54\xA1\x85\xA4\x29\x35\x76\xB8\x49\xD2\x51\xA2\x15\x28\xF7\x50\x73\x29\x2F\x55\xC3\x00\xA5\xD1"
"\x53\x0E\x28\x53\x38\x4A\xCB\xFE\xF9\x5C\xD6\x1E\x25\xE5\x83\x2E\xA0\x87\x35\x17\x83\xD3\x37\x5C\xD3"
"\xA9\x9A\x3D\x1A\x0A\xD9\x14\x46\xA5\x24\xD1\x9E\x13\x96\x63\xA1\xDC\x1C\x12\xE1\x84\x0B\xE1\x10\x39"
"\x34\xE0\x1E\x55\x8F\xEF\x28\x26\xD3\x73\x30\xD9\x71\x9D\xD9\x24\x40\xF0\x10\x77\x8C\x43\xAC\x52\x30"
"\x39\x51\x94\x13\x67\xE8\x7A\xC4\x64\x02\xE5\x4F\x6B\xF7\xB1\x25\x61\xCD\xFF\xB2\x70\x91\xB2\xCA\xF8"
"\x57\x30\x2B\xE3\x10\x10\xA8\xB4\x9A\x0A\x78\x54\xEE\x1D\xC1\xA8\x51\x8D\x51\x30\x92\x2A\x43\x9A\x0B"
"\x69\xEE\xEA\x86\x44\x35\x17\x6E\x2A\x57\x84\xE1\x56\xE0\x17\x8A\x5C\x08\x8E\xAC\xD6\x5B\x02\x75\xAD"
"\x77\xAE\xE2\x84\x19\x08\x1D\x05\x0E\xE8\x66\x75\xA3\xA2\x7C\xE5\xFA\xA3\xAA\xBB\xF3\x10\x14\x17\xF6"
"\x21\x99\xEC\x35\x8E\x7B\x04\x87\x33\x07\xC9\x15\x12\xB4\x2B\x72\x4A\x0C\xD5\x66\xB5\xD3\x83\xB3\x62"
"\x50\xFB\x6E\xBA\x04\xD4\xED\xC5\x3D\x71\xAE\x9F\x79\x46\x1E\x41\x6D\x15\x74\xF2\xC0\x2B\x25\xB2\xDC"
"\x26\xDC\x24\x2A\xC9\x9A\xA9\x43\x9C\xF2\x74\x4C\x98\x3A\x8B\x96\xCD\xA2\x30\xC4\x5C\xEE\xB6\xE8\xE8"
"\xB9\x52\x5B\xA8\xAA\x67\x4A\x4B\x3B\x44\x52\x75\xD2\xD4\x5D\xDA\xC3\x3D\xB1\x0B\x5E\xF3\x30\x1A\x73"
"\xE6\x5A\x06\xDE\x98\x30\xDA\x15\x20\x26\x26\x56\x9F\xD4\xE7\x03\xE9\x40\x19\x92\xCA\xA9\x13\x79\x1E"
"\xFB\x19\xC9\x5D\x0B\x23\x9E\x5A\x87\x7C\x41\xC7\x23\x4F\x10\xC9\x12\x6A\xC7\xF4\x46\x58\x2B\x32\xE9"
"\x44\xB7\xC4\x45\xA7\x8D\xE5\xD2\x76\xF6\x3A\x73\xCA\x2E\x26\x86\x0B\x69\xCA\x3F\xDC\x2B\x65\x24\xE3"
"\xE5\xDA\xBD\x5B\xD3\xFB\xC2\x99\xC9\x6F\x0F\x6B\xC6\x10\xA9\x35\xA6\xE6\x0C\xD4\xB8\x9A\x5E\x26\x83"
"\x38\x1C\xAB\xC3\xB2\x72\xE0\x55\xA6\x07\x20\x91\x4B\x9C\xBB\x2E\x4F\xF1\x0C\xC8\x85\x32\x3E\x0E\xA4"
"\x34\x17\x75\x4A\x00\x2D\x32\xD9\x30\x76\xA6\xE7\x0A\x34\x92\xB5\xE4\xC8\x4E\x98\x0E\x56\x68\x78\xED"
"\x97\xB2\x46\x56\x86\x38\x57\x48\xD1\xD9\xDD\xF6\xC2\x7F\x09\x05\xAF\xA7\x42\x9A\xCD\x4D\x65\x9C\xBD"
"\x1E\xA7\xBA\xA8\x97\xB3\xD2\x34\x0F\x9D\x73\xD2\xB0\x8C\x58\xB1\x7F\x44\x57\x12\xF7\x02\x93\x71\x80"
"\xE4\xB5\xB2\x73\xCC\xFC\xAA\xA3\x12\x19\xAB\xE9\xFC\xF2\x56\xE3\x2D\x9E\x3E\xD6\xE5\x1E\x72\x61\x49"
"\x6E\x26\x8F\x32\x17\x87\x6C\xBA\x6F\x05\xC1\x72\x46\xDD\x5A\xC4\xB1\xD1\x5C\xD4\xEE\x63\x81\xD5\x0E"
"\x78\x13\xA3\x9C\x43\xA5\xD4\x1C\xE1\x76\x99\xB4\x57\xC3\x9E\xB8\x8C\x35\x50\xB7\x8E\x38\x36\x01\x59"
"\x79\xD0\xAC\xCD\x78\x0F\x32\xFD\xA9\xED\x01\x87\x8F\x95\x71\x23\x21\xF0\xA9\xA6\xA1\xA3\x42\xA0\x21"
"\xB0\xD1\x79\x2D\xC1\x23\xEB\x8F\x8C\x1C\xE6\x52\xA6\x1E\x10\x72\x6A\xEF\xCA\x10\x1C\x4B\x45\x65\x08"
"\x61\x16\xB2\xE9\x65\xC2\x3C\xDA\x2D\xCD\xDC\xCA\x51\x13\xD3\xDA\x2E\x18\xAB\x7B\x94\xF8\xDF\x01\x56"
"\x90\x4B\xF0\x23\x09\x85\xE6\xD0\x70\xAD\xA1\x59\x2F\x37\x3C\x9C\x07\xC4\x5F\x89\x13\x73\xD6\x46\x9B"
"\x09\x0C\x45\xC6\x7D\x3C\x89\xA1\xE9\xDF\xCA\x8C\xCE\xDC\xE2\x8C\x1D\x50\xF2\x26\xEF\x40\x02\x72\xD9"
"\x95\xB2\x81\x95\x19\xDB\x3A\xDA\xC3\x1B\x78\x78\xC9\x0C\xCB\xB6\xCE\x87\xAA\xC3\x1E\x95\x34\x86\x98"
"\xC9\x4A\x76\xBB\xA3\xDE\x38\x64\xB3\x33\x66\xEE\x84\x1D\xC4\x1E\x8E\x6E\x23\xED\x91\xDB\xCC\x7D\x86"
"\x33\x47\x18\x42\x32\x31\x13\xB1\x71\xF1\xDD\xD5\x49\x7C\x97\x78\x3A\xE8\x24\x29\xF5\xBD\x55\x4A\x3D"
"\xF7\x2C\xB6\x38\xDA\xA8\x15\x9D\xAA\x18\x2F\x2B\x72\xB3\x9A\xFA\x9A\x18\xC6\x86\x20\xB3\x2F\xAC\xA3"
"\x0E\xC6\x6B\x20\x3D\x8B\xFB\x30\x4A\x27\x19\x2C\x26\x57\x83\xE0\xFB\x3D\xEC\x63\x1A\xB5\xFA\xDF\x6A"
"\xDA\xE3\xA2\xB7\x87\xD8\xF8\xBC\x01\xBF\x39\x63\x2F\x7E\x46\x8D\x50\x56\xF6\x5F\xB8\xBB\xC5\xE2\x0C"
"\x67\x77\x2F\x74\x84\xA5\x99\xC7\xDD\xE4\x58\xB3\x7A\xE6\x0D\x05\x9E\xBC\x56\xCA\x7A\x70\xE2\x2F\x4C"
"\x13\x1D\x35\xBB\x06\x02\xEA\x18\x38\xC5\x38\xE3\x39\x8E\x92\xDD\x0C\xAC\xFD\xD0\x20\xB2\x89\x78\x3C"
"\x9E\xD2\x6A\x3F\x40\x88\xCB\x29\x47\x5F\x91\xF6\x81\xA0\xC8\xA2\x22\xBA\x1E\x8D\xC5\x3F\xAC\xB5\x64"
"\x50\x3A\x63\xD6\x91\xCB\xD4\x99\x61\x64\xAE\xAB\xEB\xAF\x47\x76\x23\x55\x9A\xC4\x1C\x0A\x42\x27\xDC"
"\x98\xF2\xF0\xD6\x59\x75\x71\x32\xFC\x8C\x78\xEA\x80\x25\x3D\xF6\x99\x1A\xAA\x07\xDC\x99\xED\xB5\xE3"
"\xAF\xA4\xA3\xC8\xD4\x28\xFE\x25\x22\x90\x86\x05\xBB\x4B\x1E\x5A\x92\x5E\xAD\x28\xEF\x34\x8A\x9D\x78"
"\x9F\xE6\xE0\x0A\x75\x0C\x24\xF6\x5D\xC5\x83\xC5\x49\xB8\xA9\x79\x46\x8D\x49\xED\xB6\xEC\xE1\xFD\x62"
"\xD2\x9B\x66\x50\x23\xCD\x01\x6C\xA1\x8C\x29\xCF\xCA\x6A\x38\x72\xD2\xBF\xD8\xCD\xD9\xF5\xB9\xBD\x8D"
"\x9B\x9C\x1C\x97\xFB\x64\xA0\x12\x2B\x07\xE9\x0E\x6B\xDB\x15\x26\x4D\xB4\xB4\x9F\xC4\x39\x5D\x0F\xDF"
"\x7C\xAD\x69\xAA\x93\x15\xB5\xDC\xD2\x5A\xE1\x88\x47\x3B\x0D\x5D\x16\xB7\x8A\xBB\x19\x69\x0F\x36\xAA"
"\xCC\x41\x88\xE2\x6C\x11\x2B\x19\x9E\xB2\x70\x57\x3A\x30\x64\xC8\xEF\xFA\x50\x59\x61\x3B\x20\x9D\x8F"
"\x38\x23\xCE\xD4\x57\x45\x00\x90\x01\xCB\x8E\xC5\x8B\x17\xF3\x10\x7F\x39\x9A\xCF\x50\xEA\x93\xC5\x9E"
"\x6D\x5D\xB9\xAB\x8D\xBA\x87\x6C\x9C\x0D\xE6\x32\x55\xCA\x94\x4D\x0B\x8A\xDC\x98\x33\xB7\x17\x41\x06"
"\xAB\x33\x52\x19\xF4\xCA\x3B\x9D\x82\x99\xF2\x87\x30\xD3\xFA\x21\x49\xBD\x87\x04\x50\x77\xA2\x0E\x24"
"\x63\x51\xEF\xBC\x4E\x05\x3D\xCB\x3F\x35\x2A\x30\xAF\x28\xD9\x64\xBB\x7E\xA0\xBD\xA4\x96\x7A\x27\xFB"
"\x2D\x1C\xEA\x63\x98\xB7\xD7\x53\x11\x7B\x1E\xD0\xC5\x9A\x99\x1F\x93\x26\xF7\x2F\x8F\x90\x8C\x75\xC6"
"\xA0\x7E\x61\x16\x66\x5F\x14\x98\x82\x02\x79\x2D\x6F\xAB\x94\xBA\xBB\x4C\x8E\xA7\x45\xA5\xBD\x4E\x42"
"\xCD\xC1\x53\xE7\xB1\xA0\x4F\xF4\xF3\x61\x0A\xA0\x12\x2D\xD9\xD9\xE8\x56\x98\xD0\x4B\xE6\xD4\x64\x22"
"\xD4\x7D\xB8\x56\x30\x92\x76\x6E\x8F\x7D\x4F\x6B\xD9\x5E\x27\xB0\x4E\xE0\xED\x1C\xF3\x1C\x4C\xF7\xE5"
"\xAB\xA7\xFA\x33\x5C\x6F\x90\x32\x70\xCA\x7F\xC8\x14\x9A\x87\x6D\x9A\x8D\x74\xA8\x1D\xEE\x65\x17\xCF"
"\x35\xAB\x86\x61\xD8\xE0\xF1\x21\xAF\xD7\x92\xF9\x43\xD0\x7B\xA0\x1F\x87\x25\x84\x28\x0D\x26\xCE\x65"
"\x5A\xBA\x38\xEA\x04\x98\x2C\x39\x59\xA2\xC0\xA5\xB1\xBC\x2B\xB4\xB9\x2A\xA8\xB8\x51\x53\x9D\xBC\xEE"
"\xF9\xD8\x8B\x7F\x84\xB5\xAE\xFF\xB5\x31\xA5\xB7\xB2\x94\x2C\xE5\xE1\xB0\x04\xDA\x8F\x24\xC5\x83\x27"
"\x4E\x1B\x77\xD5\xC3\x0E\xAD\x19\xC6\x18\x42\x1C\xBC\x00\x76\xF7\x11\xD2\x36\x5C\x9B\x45\x9A\xD1\xE3"
"\x21\xA1\x29\xF9\xD8\xC6\xA4\xF0\xCC\xA7\x4F\xAD\x0A\x39\x3F\x43\xC1\xA5\xE4\x18\xB6\x88\xE3\xD4\x24"
"\xAA\xD1\xCB\xAE\x31\xCD\xFA\x40\x18\x68\xFC\xB6\xCA\x3B\x98\x25\x94\x88\xAA\x89\xE9\x89\xA2\x0C\x35"
"\xA1\x10\x6E\xF1\x9E\xF1\x92\x59\x71\x6B\xB3\x8B\x8D\x69\xFB\x4E\x54\x46\x97\x18\x92\xED\xD9\x46\xCA"
"\x32\xDA\x54\x53\x48\x6D\xF3\xDA\x5C\x9F\x78\xB7\xC8\x4A\x7C\x00\xB5\xF6\x3D\xB9\xF2\x53\x3C\x32\x08"
"\xE5\x9E\x73\x3A\xA8\xC6\xF9\x23\x9C\x05\x1F\x92\x69\xEC\x6D\x73\x78\xD4\xA9\x2B\x59\xC1\x17\x3F\x7B"
"\xBA\x29\x0F\xE4\x09\x09\x7F\xA7\x97\xC6\x6B\x1B\x49\x1C\x33\x4C\xDA\xF8\x9E\x6F\xB6\x54\x21\x39\x8C"
"\x1B\x1E\xB9\xD2\x68\xA2\xF0\x6E\x62\x16\x10\x1A\xF8\x6C\xFC\x9B\xF8\x9B\x51\x31\x41\x19\xCA\x81\x2B"
"\x35\xFC\x7A\x28\x8E\x51\x23\xE8\xB1\xE0\xEE\xA4\xAD\xFA\x8D\x53\x91\x0B\x1E\x2D\xD1\xC1\x87\x3F\x20"
"\x71\xFE\x91\x95\xE8\x39\x62\xAC\x33\x60\x5B\x25\x2D\x8B\x1A\x61\x37\x16\xB7\x74\x5D\x33\x7E\x6D\x4B"
"\xCD\x4C\x32\xEB\x45\xBD\xA0\x1B\x75\x24\x22\x1B\x99\xE3\x8D\xAE\xB6\xCB\x17\xD3\x70\xA0\xE8\x0C\x44"
"\x3C\x2C\xB0\xCD\x6E\x43\xBB\x96\x44\x87\x4B\x65\x13\xF4\x1C\x16\x32\x06\x67\xC4\x03\x99\xF4\xD4\x2C"
"\xB1\x7F\x9A\xB8\x15\x09\x1B\x89\x0C\xAB\x1F\x23\x77\x8F\xD4\x92\x29\xA5\x27\x77\xB0\xE3\xB9\x92\x46"
"\x4B\xEE\x27\x53\x5B\x3D\xB2\xC3\x13\xC1\x09\x76\xA2\x22\x77\x31\xF2\xF6\xDF\x2C\xBF\x8E\xA2\x3A\xF5"
"\x0B\xEF\xCD\x26\x93\x93\x29\x91\xAD\x1F\xD7\x6B\x58\x2C\x0E\x61\x66\x2B\xD3\x39\x93\x19\x69\x64\x38"
"\x1A\x63\x2F\x04\xBE\xE6\x95\x3C\x39\x92\x61\x76\x06\x64\x1E\x61\xFA\x1B\x81\xEF\x92\xF6\x0F\x23\xD2"
"\x12\xB0\x9D\xCA\x91\x79\x9E\x78\x3B\xA1\xCB\x3E\x4E\x65\x0A\x31\xF4\xF6\x70\x1D\xA2\x6A\xC5\xA7\x30"
"\xAD\xA6\x0E\x4D\x98\x80\x09\x87\x26\x29\x0D\x61\x8D\xB4\xBA\x97\x6A\x67\x89\x15\x20\x84\x0C\xC7\x58"
"\x93\x5A\xED\x3E\x5C\xFC\x2B\x8F\x12\x39\x10\x9A\x5A\x1F\x12\x90\x0B\x78\xCC\x68\xF0\x92\x45\x38\x01"
"\xD6\x8C\x9B\x98\x0D\x8A\x0E\x86\x1C\xEA\x59\x8E\xE8\x14\xD7\x6E\x69\xD1\x11\x84\xB6\x91\xC5\x72\x92"
"\x28\x89\xB0\x6C\x7C\x0E\x21\x4C\x05\xAD\x8E\xD4\x68\x42\x57\x63\x28\xCA\xB9\x4A\xBB\x16\xDE\x70\x72"
"\xD9\x19\x23\xCF\x0A\xD2\x4E\x2E\xBE\x82\x3D\x12\x90\x43\xAB\xA0\x4C\xD7\xBD\x6B\x2F\x25\x30\xC9\xB1"
"\xD7\xC3\x0F\x94\x0E\x39\xA2\x2B\xF1\x5C\x8C\xFB\xF8\x54\x66\x2F\x28\x7A\xFC\x11\xB5\xA9\x1C\x06\x11"
"\x65\x9D\x9F\xDC\x8D\x14\x35\x90\x39\x9B\x79\x40\xBF\x22\x26\x06\x93\x78\x1C\x8F\xD1\x86\xC2\x6A\xC5"
"\x0C\x57\xEB\xD2\x5D\x78\x1E\xE9\x4D\x2F\x2E\x70\x05\xBA\x1D\x35\x46\x99\x2A\x1E\x46\xD7\xA3\x45\xB6"
"\xF6\xB7\x47\x9D\x30\x2E\xBB\x71\xC8\xE0\xE3\x6A\x95\xDF\x25\x58\xD5\x61\xF6\xA9\x8D\x5F\x46\xDC\xF9"
"\xED\xEE\xB0\xC8\x20\x1B\x76\x50\xD6\x61\x9A\x33\x88\xCE\x58\xE9\xC1\x37\x0D\x80\x54\xC9\x6C\xEE\x46"
"\xAD\x7A\x1A\xDC\x58\x3D\xDB\x67\xD1\x4B\x21\x79\xC6\xC6\x1F\x1F\x12\xEE\xF6\x89\xFC\xCC\xD6\x62\xF4"
"\xC6\x11\xAB\xAE\xCB\x41\x19\xD6\x8E\x7A\x75\x20\x9E\xB6\xBD\x2B\x0B\xAA\x4C\x58\x86\x6F\xB7\xB3\x1D"
"\x8B\x14\xB0\xE3\xD9\x60\x62\x1A\x0B\x4B\xA2\x40\xE4\xE4\x38\x24\xE5\x31\xFE\x33\x1A\x57\x65\x25\x1E"
"\x99\x2C\x17\xAC\xBE\x05\x1E\xF1\x29\x18\x09\x80\x4D\xB6\xF7\x0B\xEB\x2D\x53\xB8\x1D\xE4\x5F\x10\xEA"
"\x1F\x0A\x9B\x4C\x74\xBF\x58\x46\x53\x0F\x22\xA7\xDF\x9F\x77\x3D\x13\x5B\x93\x59\x32\x5E\x5B\xD6\x52"
"\x1E\x9A\x5D\xF6\x45\x3C\xE5\x6E\x8A\x56\x9B\x23\x56\xD8\x10\xD5\x9D\x6E\xBA\xBD\x57\x2E\x2E\x07\x52"
"\x8E\xAC\xF5\xEC\x86\x4E\x27\x0C\xE4\xF2\xCA\xD7\x99\x7A\xEB\x9A\x21\xD3\x8D\xF5\x30\xEF\x4A\x73\x13"
"\xA9\x1A\x4D\x1A\x9E\x24\xC3\x8E\xAB\x9D\x9C\x8E\x2B\xCF\xC5\xA2\x70\xC3\x01\x92\x31\xF7\xCE\x93\xC6"
"\xF0\x15\x31\x69\x22\xF6\x3B\x51\x27\x93\x12\xA5\xCC\x95\x63\xC6\x14\x57\xE4\x8E\x21\xB3\xE6\xB9\x0E"
"\xED\x32\x57\xB1\x47\x50\x96\xA6\xEE\x31\x87\xB8\x0A\xA1\x30\x61\x74\x00\x2B\x5C\xD7\x30\xC0\x6E\x06"
"\xED\x75\x39\x11\x86\xF3\x4C\xC7\x1E\x4B\xC7\x95\x87\x64\x7F\xFF\x86\x49\xE7\x58\x9D\x38\x8A\x6B\xC4"
"\x01\x57\x3A\xD4\xEC\xE0\xB9\xCB\xCA\xE0\x2B\x46\xDE\xC1\xCF\xF5\x72\x9F\x6F\xA2\xA2\x33\xE0\x85\x8E"
"\x72\x46\x33\xB3\x55\x73\x8D\x15\x6A\x82\xC2\x3A\x13\xB4\x47\xA0\xC0\xA7\xA2\x55\xD0\x48\x21\xCE\xAB"
"\x87\xB3\x9A\xFD\x0B\x05\xED\xF5\x1C\xF3\x91\x13\x93\x03\x0E\x72\x09\x9D\x3D\x36\x35\x31\xBA\x5D\xB6"
"\xAC\xDA\x4F\x54\xE3\xCF\xB0\x02\xC2\xFB\x6D\xDB\xBE\x56\x1D\x3D\xA7\x12\x50\x94\x91\xD4\x23\xF9\x62"
"\x86\x9B\x09\x29\xA4\xE7\x42\xFC\x07\x52\x4F\xD5\xA8\x8A\x77\xC4\x26\x37\x58\xE3\xD0\x1A\xF8\x8A\x06"
"\xD5\x17\xD5\x34\x36\xD1\x5E\xB0\x09\x0E\x71\x0D\xC6\x6A\x47\xE6\xCC\xEA\x30\x13\xC5\x2D\xFA\x67\x87"
"\xC5\xE1\x99\x6F\x76\x85\x48\xC5\x9C\x3C\x8F\xAB\x1A\x76\x32\xAD\x12\x3F\x51\x6F\x0A\x1D\xAF\x6F\xC8"
"\x51\x0E\x4E\xC8\x93\x06\x53\xDE\xC9\xE8\x30\xE0\x84\x6E\x66\xB0\x38\xC0\x73\x8F\x9D\x49\xC7\x72\x06"
"\xD6\x88\x80\x0C\xC1\x92\x28\x82\x0F\x07\xAF\xE0\x52\x78\x75\xA4\xFA\xC8\x62\xD2\x4C\x5E\x8A\xC2\x0E"
"\xE2\x64\x07\xE6\xEC\x6A\x41\x0D\xCA\x95\xCC\x36\xD9\xF9\x69\x27\x47\xAB\x8E\x96\xCB\x41\x84\x44\x0C"
"\x8F\xBD\xD0\xE3\xAD\x59\x66\x94\x89\x33\xA2\x19\x24\x13\xA6\xA5\x09\x82\x83\x96\xB2\xBC\x51\x47\xF5"
"\xE0\x4C\xDB\x04\x36\x11\xF4\xCA\xAA\xC0\x28\xE1\x15\xC7\x4A\xE0\xAE\xC7\x7D\xE6\xA8\x71\x2F\x9F\x41"
"\xD7\x89\x71\x85\x05\x75\x27\xA3\xD4\xD6\x23\xA7\x60\x77\x83\x92\x37\xF2\xA4\xE3\xB7\x43\x14\x1C\x47"
"\x97\x65\xAB\x62\x91\x6A\x75\x24\xEF\x78\x7A\x39\xA0\x83\x34\xF0\x85\x8C\x43\xAA\x92\x9B\x6E\x18\xBA"
"\x57\x18\xE8\x60\xA5\x35\x3E\xF2\x5D\x64\x38\xE5\x06\x3F\xC3\xCE\xF7\xBA\xE2\x30\x2B\x67\x53\xAC\x38"
"\xE8\x1A\x18\xA1\xCC\x5E\xDA\xDC\xD9\xC3\xDD\x2B\x83\x30\x36\xED\x2B\x89\x82\xD5\x82\x7A\xB3\xCA\x6B"
"\x45\xCD\xCE\x61\x99\xBE\x1E\xC0\xDD\x13\x66\xD4\x9B\x83\x67\x9E\x61\x97\x38\x54\x98\x99\x84\x16\xB1"
"\x25\x45\x78\xD8\x66\x4E\x8B\x93\x0E\x49\x02\x52\x6E\x2E\x2B\x9F\xCC\xC6\x4E\x6B\x4B\xC9\x90\x97\x16"
"\xA7\x02\xDE\x1F\x62\x6E\x2B\x5C\x1D\xE2\x92\x39\xD0\x5A\xF3\x11\x99\x5B\x7A\xE8\x5D\x46\x57\x13\xEF"
"\xAE\x73\x24\xD8\x45\x53\x03\x04\xBE\xF2\x5F\x35\x12\x75\xC2\x27\x4B\x1A\xFB\xF0\xCD\x30\xB5\xBE\xDC"
"\x84\x50\xFF\x54\x64\xAB\xDE\x42\x0A\xA7\x1D\x57\x73\xD5\x43\x1C\xC2\x64\x74\xE6\x1A\x0C\xDC\x4C\xC9"
"\x97\x83\x93\x5C\xE1\xA1\x77\xC1\x39\x4C\xFA\xA3\xA0\x18\xFC\x35\xC0\xA3\x5C\x9E\xD3\xF9\x3A\x6B\x6F"
"\x9A\xF1\xF8\x45\x8B\x75\xC4\x88\xB5\x81\x33\xD4\x13\xBC\x19\x54\x68\xF0\xA5\xD8\x4B\xEB\xB6\x22\x56"
"\x08\x47\x61\x56\xFC\x5B\x53\xBC\x1D\xD0\xE4\x9D\x55\x64\xBC\xD7\x19\x26\x76\xC4\x72\xE0\x85\xE9\xD7"
"\xF3\xEF\x1B\x22\x35\x97\xF0\x88\x36\xB1\xFE\x74\xB9\x19\x9C\xAA\xF2\x84\x2B\xE5\xE7\x53\x5A\x7A\xAB"
"\x97\x39\x37\x9A\x6A\x33\x92\x63\x38\xA7\xC9\x8B\x3C\xF7\x13\xD5\x20\x52\x01\x6D\x64\x54\x29\x98\xAE"
"\xDB\xF8\x36\xAE\xBC\xD0\x6E\xC7\x1C\x51\xD3\x23\xB3\x64\xA1\x51\x12\x09\x57\x88\x33\x76\xA4\xF2\x8B"
"\xBB\x9F\xD7\x7B\x58\x8B\x98\xA4\xEC\x93\x1C\x13\xA6\x89\xA5\x91\x0D\x83\x4B\x37\x70\x65\xE6\xB0\x39"
"\xAF\x13\xA5\x0B\x4C\x0C\xB5\x5F\x9D\xC6\x6E\x15\x29\x5E\xB0\xF8\xDF\x13\x4A\xC1\x23\x9F\x09\xB2\x19"
"\x79\x1D\x53\x52\xC6\x7B\xA4\xD4\x73\xCB\xF8\x1B\x87\x78\x76\x17\xBC\x4A\xEA\x22\x8B\xA9\x19\x90\x7C"
"\x36\xD6\xC6\x78\x91\x59\xB6\xBA\xFC\x95\x61\x58\xF3\xE1\x50\xD9\x3D\x68\x14\xF9\x00\x0D\x8F\xC3\x84"
"\x3C\x9D\xA0\x3E\xE6\x11\x32\xBB\xCB\xD9\xBA\x66\x3D\x8B\x75\x6F\x07\xC2\x75\x8D\xF4\x9A\x11\xCB\xFE"
"\x47\xAF\x78\x17\x69\xC4\x49\xE1\xEB\x6E\xE7\xFA\xC6\xD9\xE0\xE2\xA8\xD4\x1E\xD7\xC9\xEB\x56\xFA\xCC"
"\x0C\x99\x44\x17\x8D\xC7\xF0\xD0\x75\xD8\xCD\xED\xE1\xC3\x1A\xCF\x58\x77\x84\xDB\xE1\xF4\x62\x28\xD6"
"\x0E\x1D\xAB\x5A\x46\xF5\x4C\x7A\x83\xA7\x78\x5D\xA5\x39\xD1\x5F\x43\xAC\x1B\x5C\xE3\xA9\x8F\xE2\xD5"
"\x8A\x7C\x89\xA1\x1C\xEA\x3A\x99\x49\x70\x6C\xBE\x59\x1A\x92\x72\x6F\xA3\xA0\x07\x47\x80\x77\x88\x89"
"\x5D\xE6\x00\xBD\xEA\x31\x20\xA9\xD1\xE2\x5D\xBF\x66\x32\x87\x3E\x09\x53\xD2\xEC\xDA\x18\xF4\xFE\x6E"
"\xC7\x86\x88\xB9\x7C\x32\x4B\x5F\xE2\xC1\x38\x99\x09\xA6\xBB\xC9\x6E\xD4\x20\xBA\x56\x45\x67\x21\x8B"
"\x52\xF3\x3B\xB1\x8E\x8C\xAA\xD9\xA5\x76\xA3\xEC\x14\x58\xCC\x44\x0F\xE9\xE6\x62\x4A\x6B\x86\x1D\x35"
"\x31\x6B\x47\xB1\x99\x0E\x3C\x5E\x6A\x17\xCE\x6C\x44\xCA\x8A\x03\xB8\x43\x9F\xA0\x12\x4E\xBA\xC9\x78"
"\x47\xA2\x97\x82\xC8\x89\x66\x2C\x77\x39\x3A\xF5\x37\xEE\x22\x43\x79\x52\x42\x60\x0F\xBF\x97\x1B\x8B"
"\x83\xCC\xB0\x53\x17\x47\xFA\xC5\x29\xC3\x66\x6E\x67\x77\x51\x96\xC6\x38\x77\x68\xB7\x19\x51\xE2\xB4"
"\x60\x65\x91\xE6\x6A\x70\x8A\x82\x25\x8C\x01\x9B\x3C\x0C\x6E\x3C\x24\x39\x32\x58\x3A\x2A\x38\xB2\x19"
"\x35\x23\xC1\x74\x6B\x99\x08\x08\x59\xCD\x23\x4E\xCB\x9F\x74\xF9\xFA\x6F\x75\xED\xD5\x39\x44\xD6\x2E"
"\xCA\xCA\x99\xE9\xEE\x9C\xFE\x0D\x29\x8C\x5C\xF0\x83\x41\xF6\x36\xBE\x2A\x7A\xE9\xEB\x8C\x61\xD4\xB1"
"\x39\x81\x57\xCD\xC0\x1C\x34\x0B\x57\xEC\xB6\x7E\x2E\x5A\x64\xA7\xBD\xB2\x01\xBC\x47\xB6\xA3\x20\x7F"
"\x8E\xC2\x35\x56\xE3\xD0\xE4\xC8\xC7\x79\xE5\xC9\x8F\xB5\x89\x31\x78\x84\x6B\x48\x10\x92\x3D\xDE\x27"
"\xD5\x66\x98\x34\x04\xC0\x73\x6C\xED\xB3\xF3\x0E\x06\x26\xB6\xE7\xA8\x5F\x18\xD4\x20\x51\xE1\xA2\x68"
"\x3D\xDD\x52\xF4\x79\x67\xB9\xD9\x21\x69\x56\x60\x29\x3A\x15\xB2\xA8\x10\xBB\xE1\x4C\xC2\x3D\x98\xF5"
"\x2E\x43\x6D\xC7\xCB\x02\xC6\x94\x06\x6E\x7E\xBB\x92\x0C\x79\x01\xD9\xD9\x37\x9A\xA1\x49\x76\x9E\x3D"
"\xD8\x8A\x39\x54\xC0\x55\x7E\x1A\x31\x29\xE5\xA5\xEB\xB1\x90\xCB\x5E\xD8\x11\x0B\x46\x8E\x6A\x91\xFF"
"\x9C\xB3\x1C\x08\xB1\xD3\x63\xB2\x0B\x53\xD5\x48\x63\x89\x95\xA1\x1E\x39\xCB\xC0\x1D\x70\xCA\x71\xA7"
"\x61\x4F\xE6\x64\x26\x62\x0B\x45\xBD\x62\xE3\xC8\x85\xB7\xD2\x5C\x94\x13\x1E\xB1\xAF\xE6\xD6\x64\x76"
"\x95\x51\xC8\x31\x84\x79\x24\xC5\x4A\x7D\x6D\xDD\x92\xF3\xBB\x1D\x6F\xBB\xF1\x68\xDA\x66\x79\x51\xB7"
"\x52\xF0\xE5\x1B\x2B\x4F\xCF\x19\xB7\x55\xFC\x71\x8E\x5F\xCD\x08\xD6\x38\xAD\x1C\x30\x5C\xBD\x87\xCA"
"\xC0\xC8\x68\x91\x32\x74\xC6\xD9\xCA\x3A\x8E\xC5\x8E\x2E\x6B\xF6\x96\x6E\x56\x6F\xE3\x55\x50\x09\x8B"
"\xC7\x23\xCF\x54\xD8\x08\x6F\x27\xED\x8F\x16\x1C\x11\x56\x57\x9A\x76\x43\x78\xC9\x54\x88\x2B\x35\x73"
"\xB6\x3B\xD3\xAA\x11\x6B\x26\xC7\xA2\x2F\xCE\x1A\xCA\x6A\xD1\xFD\x05\x67\xB3\xE1\x97\x76\xA9\x8C\x6A"
"\x82\x2C\x95\x31\x30\x03\x5E\xE2\x6A\x8C\xFC\x4A\x66\x1C\xDA\x38\xF7\xA8\xDA\xFE\x4E\x92\x5E\x45\x50"
"\xAE\x30\x56\xF2\x56\x69\x99\xC6\xC1\x83\x98\x00\xCA\x86\x99\x5F\xD3\xF7\x6E\x39\x10\xB7\xD2\xDB\xE1"
"\x3C\xC3\x10\xD2\x24\x63\xF2\x1C\xF9\x0B\x44\xB7\x94\xA2\x29\x5A\x66\xD4\x46\xE9\x46\x1C\x85\x45\x03"
"\x6A\xC5\x55\x34\x7B\x13\x92\x00\x39\x28\xDB\x9A\x08\x61\xB4\xAB\x25\x27\x67\x3E\x76\x07\x38\x2D\xE2"
"\xBE\xB9\x5F\x5D\x40\x63\x04\xE6\xCE\x01\x82\xA9\x7A\xF3\x98\xCD\x2F\xE7\xAF\x01\xC4\x26\x67\x38\x57"
"\x55\x65\x6E\xC0\x54\x64\x22\x80\x36\x6A\x19\xC2\x4D\x3D\xC2\xAF\xBE\x63\x1A\x3F\xD9\x8A\x56\xBB\x41"
"\x13\x69\xAF\x10\xD3\x34\xE3\x7D\xF1\xD4\x11\xBD\xA2\xE4\xDA\x9B\x2C\x2E\x66\x62\x8F\x4C\x2E\x9B\xE6"
"\xBB\x14\x9B\xC6\x7A\x73\xC6\xCD\x3A\x83\xAE\x93\x27\x17\xD9\x06\xFA\x25\x49\x60\x0C\x67\x1D\x0C\x61"
"\xB5\xEB\x26\x57\x8D\x85\xC9\x15\x8B\x3D\xD6\x1C\x45\x46\xCB\x97\xDC\x61\x89\x39\xFC\xA8\x99\x5E\x31"
"\x0E\x2E\xA4\x49\xC2\xBE\xBD\x5C\x3A\xA8\x43\x72\x9C\xC9\x3B\x6E\x67\x98\xED\xE0\x5B\x4A\x9A\x9C\xD2"
"\x2C\x0E\x01\xB3\x48\xF8\x17\x4C\x68\x97\xA4\x30\x34\xD1\x4D\x0C\x67\x53\x17\x72\x0B\x4B\xB6\x79\x72"
"\x70\x27\x6C\xD3\xED\x95\x8B\x75\x7C\x91\x68\xD8\xCC\x61\xCE\x57\xAF\xF1\x1E\x2F\x1C\x81\x62\xF9\x66"
"\xC4\x43\x1E\x17\x38\x5D\xA6\x64\xB9\xF7\x7C\x0D\x76\x1D\x58\xAC\x04\x61\x9D\x94\xDD\x1E\x0A\x96\xCE"
"\x46\x59\xC5\x36\x11\xFB\x24\xAF\x4C\x52\x8D\x87\x21\x70\xAB\x22\x99\x7A\xF8\xB5\x97\xCC\xD6\x05\x91"
"\xF2\x14\xE3\xD9\xBB\x92\xA9\xF7\xB3\x86\xC9\xB8\xD7\xA5\x59\x47\x07\xA9\xC6\xB5\x1B\x5D\xCE\xB4\x8B"
"\xFF\x64\xD2\xA5\xE3\xAF\x6E\xF6\x12\x55\x30\x19\xA6\xA1\x24\x11\xDC\x26\x1D\x3C\xF2\x71\xA6\x51\xD8"
"\xE2\x90\xD1\x5D\x77\xCF\xFA\x79\x34\xBE\x46\xF9\x00\x7B\x4E\xE3\xA0\x0E\xA3\x6A\xF8\xB7\x9F\xB7\xD0"
"\x4C\xB5\x07\x93\xBA\xCB\x2C\xF2\xA9\x97\x72\x13\x0B\x13\xA6\xB1\x44\x1D\x70\xF9\x58\x6E\x2A\x37\x87"
"\xDF\x22\x36\x46\x1E\xB0\xAC\xD6\x7B\xD8\xDC\xB9\xC2\xAB\xCA\xEB\x2F\x2B\x21\xBE\x78\x43\x5C\xB9\x19"
"\x1D\xAA\x88\xD9\x2C\xCF\x4C\x98\x57\x13\x77\x42\xC2\x00\xCA\x2F\x91\x4E\xA4\x4A\x56\x02\xDB\xF1\xF4"
"\x4C\x32\xB2\x8D\x4B\xE9\xB0\xA0\xC9\xFE\x62\xCA\x8A\xB2\xE2\x95\x96\xA5\xAA\x3E\xA2\x4E\x4C\x9E\xCE"
"\xC0\x77\x5B\x3D\x5F\x17\xCA\xA3\x6B\xC3\xA4\xF4\xDB\xE3\x69\x6E\xF8\x2C\x44\x8E\x2E\xBD\x8C\x1A\x4D"
"\xD0\xE9\x74\xD2\x3E\x2A\x4F\x6F\x1C\x05\xBE\x8E\x3F\x5E\x52\xA2\xB5\x39\xC2\xCC\x24\x6F\x01\x81\x6D"
"\x37\xB6\x73\x4D\xCF\xF0\xAA\x43\x25\x1C\xD4\xB7\x9F\x23\xE7\x90\xC7\xC7\x68\xBE\xE3\x0C\xAD\xCB\x5C"
"\x9F\x58\xB4\x17\xB3\x8D\x07\x3C\x24\x11\x6E\x43\x10\x46\x77\x11\x57\xE5\xAD\x4D\xDC\xE4\xC5\x0F\x5F"
"\xA5\x51\x6C\xB3\xC7\xE4\x57\x28\x20\x2A\xEC\x12\xA9\xD4\x6B\xFC\x51\x77\x90\xB0\x78\xE3\xC8\xA0\x80"
"\x7B\x4F\xDE\xF4\xF1\xA6\xEE\x80\x69\x8E\x7A\x4E\x06\x44\xFF\x77\xEF\x49\x98\xFC\x65\xF4\x85\x93\x30"
"\x13\xAE\x86\xC7\x41\x3A\x82\xB9\x4D\xBB\xB2\x37\x7A\x6A\x96\xE5\x65\x26\xBA\x11\x87\xB1\x9C\x3F\x26"
"\xDB\xC8\x50\x91\x8E\xBD\x20\xA2\x95\x63\x51\x1E\xCE\x7B\x34\x2F\x5D\xF7\x7C\xA5\x44\x55\xE7\xC4\x16"
"\x4C\x69\x00\xD6\x8D\xC5\xA3\xD0\x8C\x1D\x72\x02\x2E\x95\x42\xE2\xE0\x8C\x0A\x3A\x6F\xCD\x27\x61\x8A"
"\x3D\x80\x83\x97\xFA\x33\x84\xAB\x6B\x19\xB0\x0E\x76\xAC\x98\x37\x96\xC1\x49\xBF\x17\x84\x7B\x69\xEF"
"\xD2\x9C\x39\xAC\x27\xD7\x09\x11\x9B\x57\xE6\xBC\x25\x92\xDC\x0E\xBE\xF9\xFE\x46\xB0\xDF\x6E\x95\x4E"
"\x22\x43\x5D\xB3\xF5\x22\x14\xEB\xCC\x2F\xB9\xFC\x1A\x79\x56\xC6\x14\x40\x1C\x7B\x64\xA8\x4B\x07\x90"
"\x4D\xF6\x8B\x72\xDF\xE9\x89\x4C\x76\x05\x62\xE8\x1D\x65\xE5\x12\xE1\x46\xA0\x24\xA7\x27\x4D\x9A\x83"
"\xAF\xEF\xD1\x35\xD7\xCA\x96\x98\x77\x1F\xE1\xB9\x88\x76\x66\xF0\x45\x15\xA1\xBC\xA8\x6E\x78\xCF\xE6"
"\x77\x1F\x78\x1D\xE7\xD7\x2C\xFB\xB3\x19\xCE\xA3\xA7\xD4\x64\xCD\xC9\xA0\x04\x6D\x67\x72\x5A\x04\x81"
"\x62\xE0\x03\xAD\x27\xE3\x7C\xFF\xD6\xA1\x2D\xBC\xAF\xA3\xB4\xE8\x0E\x77\x71\x23\x39\xC2\x59\x1E\x8F"
"\x8A\x2D\x15\xFB\xAE\xD5\x71\x10\x17\xE8\x35\xA7\xBA\x55\x8F\xC4\x1D\xAE\xDA\xF4\x8B\xCB\xAF\x17\x10"
"\x7A\x08\xEF\x1C\x85\x2A\x8E\xD4\xF0\x99\xF5\xE9\x91\x26\xA2\xA6\x49\xB0\xA6\x01\x23\x29\xF8\x99\xAB"
"\xE1\xE4\x5E\x90\x32\x0F\x82\x51\x29\xCA\xFC\x51\x64\xD8\x6A\xB7\x4D\x6F\xF2\x70\x81\x02\x88\x0E\x66"
"\xB5\xF7\x4E\xBC\x7A\x82\xA5\x4F\x70\x0B\x33\x53\x9F\x49\x7C\x8F\x09\xD8\xB5\x2E\x4B\x99\xC2\x39\xF6"
"\xDA\x71\x2C\xA7\x01\x76\x14\xFE\x68\x0B\xA8\xA3\x33\x7E\x81\xCF\x1E\x9E\x6A\xF4\x68\x59\x40\x7A\x4D"
"\x3A\x94\x24\x46\xAB\xF5\xF0\xE8\x4E\x52\xE7\xFC\x46\xE1\x6C\x3D\x06\x5B\xAD\x26\xC7\xC7\xB1\x22\xB1"
"\x6F\x86\x01\x53\x40\xB8\xB8\xDC\x14\x28\x02\x83\x7A\xC4\x80\x28\x46\x09\xCD\x33\xE7\x75\x66\x83\xD4"
"\xBA\xAB\x19\x2A\x10\xA5\xD0\x28\x35\x79\x11\x93\x61\x4F\xBF\x81\xC7\x77\xFC\x2D\x37\xF3\xA2\xF7\xE5"
"\x78\xE1\xBC\x26\x8E\xD6\x3E\x47\x8E\x17\xDB\xEC\x0D\xED\x8E\xEA\x9C\x55\xD6\x69\x55\x24\x54\x9D\x3A"
"\xAF\x78\x32\x63\x09\xBE\x56\x79\xCE\xA5\x12\x72\x8A\x41\x34\x44\x36\x74\x44\x79\x13\xEA\xE0\x71\xB9"
"\xC4\xBD\x4B\xD8\x23\x78\x8E\x82\xAC\x4E\x7D\xBE\x0D\x92\x0C\xD7\xDC\xE9\x6A\x6E\x6E\xCC\xB7\xB4\xAE"
"\xDC\xE2\xB0\x5A\x5F\x10\x5C\xC7\x36\x98\x59\x17\x52\xAA\x27\xBE\xC1\x61\xB8\xD6\x4E\xB5\xCA\xB8\x25"
"\x17\xAE\x0E\x5F\xCE\x32\xAB\xD5\xFB\x3B\xB4\xB9\x22\x7D\x36\xE2\xDF\x31\x42\x28\x82\xC3\x10\xC2\x45"
"\xC1\xE3\x41\xA8\x9A\x98\xED\x73\x23\x2C\x8F\x58\x87\xD4\x73\xD0\xE3\x0E\x43\xD0\xD4\xF0\x14\x58\xF2"
"\x9B\xDE\x20\x4C\xBB\x79\x85\x34\xCE\xF4\xCC\x5C\x30\x6E\xE5\x57\x03\x26\x2A\xEA\x2D\x11\x31\x2C\x98"
"\xF4\x93\xD6\x03\x30\x2E\xA1\xEC\x1E\xCD\x7C\x2F\xAB\x7D\x5A\xB9\x87\xBE\xC4\x1C\xAB\x17\x65\xF5\xE5"
"\x78\x28\x6B\x1A\x5E\x56\xB2\x3D\x71\x5E\xED\x22\xBD\x2C\x28\xB4\xE9\x7A\xBA\xB8\x63\xA4\x21\x8F\xB5"
"\xBF\xD9\x0D\x11\x47\x8E\x5A\xE6\xBA\xF7\x31\xE3\xD9\xCD\x11\x12\xD1\x2E\x94\x53\xA1\x50\x31\x18\x38"
"\xEB\x0A\x91\xBD\xE6\x40\x6C\x39\x9D\x78\x8E\xC6\x93\x2D\xC3\xCF\x3D\x97\x66\x53\xFB\xCE\x0C\x85\x4A"
"\x5F\xAF\xBB\xAD\x56\x2B\x3B\x71\xEE\x07\xC9\xBC\x11\xE3\xCA\xB2\xFB\x52\x78\x3B\xD9\xAF\x1D\xCC\xFE"
"\x66\x57\x41\xD5\x29\xBD\x9A\x43\x91\x95\x52\x43\x64\xB7\xAA\xA1\xF0\x1E\x60\xFC\x48\x26\xAF\xC7\xA3"
"\x88\x91\x91\xDB\x56\xAF\xCC\x0B\x05\xCC\xC6\x9A\x1E\x45\xAD\x89\x1C\x9E\x71\xB6\xAF\x82\x24\x07\x7F"
"\xB6\xB5\xF4\xC5\x64\xB2\x98\x79\x5B\xFF\x69\x1A\xA1\x6C\x86\xAE\x53\xDA\x06\x69\x3F\x06\x74\x91\x04"
"\xEA\x2E\x43\xD6\x41\xA5\x3C\xA0\x12\xAA\xDB\x11\x4A\xB7\xE5\x65\x36\x02\x49\xE0\xC8\xC6\x13\x6E\x1F"
"\x11\x3D\x20\xE3\x12\x9D\x39\xF3\xE6\xFF\xFA\x3A\x83\x24\x49\x92\x23\x86\x91\xFF\xFF\x74\x5D\x93\x80"
"\x47\xDD\x64\x32\x69\x77\xA6\xBB\x2A\x33\xC2\x9D\x04\x0A\x80\xEB\x46\x74\x36\x57\x90\xD3\x55\x80\xCD"
"\x36\xEE\x77\x50\x67\xED\x40\x0B\x5E\x33\x95\xF4\xB6\x2A\xCF\x66\xD9\x82\x57\x4D\xD3\xD2\x2B\x89\x2B"
"\x63\x99\x24\x97\x97\xBD\xFC\x25\x66\x5E\xC0\x11\x61\x56\x6E\x2B\x5D\xA8\xCF\x17\x94\xD0\xF9\x09\x0B"
"\x54\xAA\x00\xC7\x02\xD7\xA0\x45\xDC\x8D\x10\x6E\x3C\xBB\x3D\x28\x6F\xC3\x65\x9D\x1C\x2A\x76\x56\x0A"
"\xB7\xDE\xBB\x88\x9B\xB8\x2C\xB1\xEF\xE8\xEE\x65\x9E\xDB\xC3\x5E\xBC\xB5\xBA\x69\x96\xC0\x3F\x42\x9D"
"\x8F\xB5\x43\xB8\x4E\xB7\x94\x8F\x4F\x9F\x3B\x78\x92\x23\x36\xAD\xEE\x8B\xEA\xD2\xD2\x93\x1E\x0B\x9A"
"\x8D\x61\x8C\x1B\x1C\xDF\x1E\x64\x90\xD6\xA9\xCA\x3B\x6E\x37\x24\x58\x4A\x71\x70\x8B\xA3\x3C\xB6\x36"
"\xE6\x80\x51\x9C\xF8\x33\x01\x43\xC0\x72\x46\x8E\x60\xCF\x5F\x4D\x89\x0E\xF4\x55\x17\x09\xCD\xD5\x05"
"\x2B\xDC\x66\xC5\x79\x37\xB9\x89\x9B\x43\x24\x26\xAA\x79\x99\xD7\xA8\x91\x01\x51\xA6\xBC\xA2\x63\xEF"
"\x3F\x8E\xFF\x9C\xA5\xB9\x7B\xB4\x2E\x81\x24\xB5\x7E\x2D\x03\x92\xFB\x4B\x36\x79\x24\x98\x6F\xFA\x24"
"\x5E\x80\xB0\xA9\xC6\x2A\x76\xC0\xF2\x5C\xA2\x78\x75\x02\x84\x53\x02\x65\x38\x1C\x55\xFA\x55\xF3\xFE"
"\x1A\x6F\x7F\x18\x6C\xF8\xC7\x58\xBA\x07\x80\x8D\xD0\x27\xEF\x9B\xCF\x2C\xDC\x9D\xE4\x0D\x1D\x77\xBF"
"\xDF\xC8\xB2\x76\x73\x2E\x65\x65\x64\xFD\xC7\xEB\x26\xC0\x30\x2F\x3E\xF7\x76\x3B\x05\x2B\xC1\x33\xB0"
"\x86\x1B\x3F\x58\x5C\x44\x1A\x42\x03\xB3\x70\x59\xF3\x8A\xB9\x38\xB0\xAD\x32\xCF\xFA\x13\x9C\xAD\x45"
"\xC0\xA7\x46\xDD\xE8\x3A\x00\x10\x7B\x68\x4D\x2F\x8F\xC5\x01\xE3\x6A\xCB\x7E\x1A\x71\x75\x1D\xAC\xC7"
"\xB1\x6D\x68\x76\x5B\x4E\x8C\x4F\x25\xE7\x52\xF8\xE8\xCB\xA5\x22\x14\xE2\xDC\x06\xCF\xD9\x23\x03\x77"
"\x58\x1E\x8B\x42\x87\x36\xB7\xEC\x87\x01\x86\x52\x51\x71\xF7\x9B\xB0\xA7\x7A\x68\xF5\x24\x2D\xD8\xE5"
"\xF8\xE2\xC2\xE5\xD2\xB2\xED\xC1\x94\x40\x3C\xE3\x2C\x4A\x02\xB4\x01\xA8\x74\xA3\xCC\xE0\xA0\xF7\xC7"
"\x8A\x19\xB5\xCB\xF8\x5C\x5F\x87\xAE\x14\x97\x7C\xEC\x1E\xCC\xE2\xE5\xB8\x93\x36\x21\x6D\xB2\xBC\x80"
"\xEE\x66\x1E\xEC\x07\xFE\x4F\x4D\x67\xDC\x45\x5B\x4E\x89\xDC\xC5\x37\x2D\xC6\xFF\x7C\xBD\x30\x3F\x04"
"\xE9\x7C\x25\xF9\x05\x59\xA7\x8A\x90\x83\x2B\xD2\x1E\xA8\xC2\x8B\x2F\x4E\x00\xDB\xA6\x18\xBE\x63\xBB"
"\x08\x81\xB9\x3D\xAE\x26\xB7\x30\x12\x35\x5B\x1E\xA5\x81\x03\xE1\xF5\x65\x0E\x94\xB4\x3F\xC1\xCC\xC0"
"\x1F\x28\x22\x9C\x1C\xEF\x07\x83\x01\x00\xC3\x2A\x36\x16\xDB\x80\x47\xA1\x42\xE6\xD4\xE3\xE8\x79\x73"
"\x4C\x78\x2E\xD8\xEB\xF1\xE6\x3A\x52\xFF\xBF\xD1\xF0\x8A\xFF\x80\x51\x37\xB3\x25\x12\xE6\x4A\x69\x68"
"\x0D\xEE\xA9\x43\x9C\xCF\x5F\xD6\xB2\x55\xA0\x28\xF1\x4C\xF4\x5C\x7B\x02\x0C\x11\x76\x51\xD0\xE3\xBC"
"\x60\xF4\x2E\x36\xC0\x79\x44\xC0\x06\x61\x71\x2C\x47\x74\xE6\xDE\xB2\xC8\x1C\xDA\x0B\x76\xA1\x7C\x41"
"\xB8\x58\x72\x0B\x08\x3E\x76\xAF\x98\x62\xD7\x1B\xC0\xB8\x03\x0A\x12\x29\xB8\x0C\x48\x22\xA1\x35\x27"
"\x97\x54\xB0\x8A\xC4\x94\x76\x51\xE3\x17\xD4\xF8\x00\x93\x02\x18\x54\x19\x4D\x20\x5C\x0A\x94\x45\xF0"
"\x89\x62\x97\xEA\x10\x7F\x4D\x7C\x80\x69\x6C\x53\x28\x1C\xCF\xEE\x6E\xB9\xED\x71\x92\x80\x2A\x69\xD3"
"\x5B\x3B\x26\x42\xD3\x0B\x9D\xDA\x1D\x61\x05\x57\x78\x00\x2D\x91\x51\x25\x88\x6F\x9A\xBD\x64\x99\xF7"
"\x7C\xED\xC4\xFE\xB3\x45\xC6\xA0\x9A\x81\x9D\x0A\x83\x67\x32\x2F\x42\xA8\x11\xF4\x4D\x7C\x66\xDB\x0E"
"\xC9\x19\x15\xE1\x67\x97\x9F\x1B\xDE\x4C\xC8\x75\xC5\x91\x6D\xEA\xAB\xF6\x11\xBA\x33\x1B\x6D\xAD\x02"
"\x59\x60\x48\x39\xC3\x31\x15\xB7\xD3\x7A\x41\x41\xC2\x7D\xC3\x00\x1E\xA8\xA5\x07\x13\x9D\x5E\xF2\x7D"
"\xA8\x31\x71\xB5\x64\x15\xB8\x81\x2A\xCC\xFA\xBE\x27\xC5\x0F\x2E\x4C\xE3\x85\x53\x5C\x6C\xE8\x49\x6F"
"\xE0\x26\x7F\x8E\xF6\xCA\x53\x88\xAF\xD6\x72\x97\x21\xB0\x36\xAF\x53\xF2\xEF\x94\xDA\x59\xE0\x76\x8E"
"\x34\x9E\x68\xC0\x38\xE7\xC7\x26\xA4\x8D\xF5\xF6\xB0\x13\x96\x72\xA0\x2D\x3E\x61\xAA\x0D\xF5\xDA\xC1"
"\xF9\xC4\x9C\x70\x81\x8A\x23\x45\x4B\x39\xC9\xAE\xF3\x64\xE9\x25\xB3\xA6\x08\xEA\x48\x02\x1C\x71\x34"
"\x3A\x1B\x77\xAC\xC5\x1C\xB0\x76\xB6\xB5\xF0\x83\x5C\xED\x7A\xC9\x0C\xF7\xA5\xFF\x26\x8C\x3D\x2C\xBB"
"\x82\xE8\x65\x7E\x03\xF7\x3B\xCF\x1C\xBA\xE9\x8A\x1A\x4C\xD0\x04\xCE\x32\xEE\x81\xE3\xC0\xCE\xB9\xB5"
"\x22\x3D\xF4\x69\xD3\x56\x6E\x6F\xF0\x86\xAC\x50\xCB\x08\x18\x03\x2A\x9C\xB1\x62\xD6\x65\x74\x96\x5E"
"\xCB\x38\x80\x1B\x4D\x94\x58\x19\xB3\x3C\x39\x7A\x75\xCF\x22\x4A\x73\x8E\x20\x78\x8D\x07\x1B\x60\x0B"
"\x42\x6D\x56\x17\x94\x1B\x49\x9C\x1E\xC3\x61\xA4\xFE\xF7\xBA\x87\xD3\x57\x10\xAC\x0F\xFF\x54\x07\x92"
"\x80\xBB\x9B\xF9\x2D\xC6\x6C\x7D\x4D\x49\x00\x2E\x04\xFD\x94\xBC\xD8\x5D\x7F\x47\x5C\xBE\xE4\x7A\xB7"
"\xAD\x1D\x2C\xCE\x8F\x18\x1E\xA7\x50\x14\x78\x1A\x69\xB5\x6E\xDB\x22\xCA\x94\xCA\x48\xF5\xC2\xCB\x29"
"\xE1\xCB\xB6\x15\xEF\x2E\x68\x9D\x70\x0F\x0D\xCE\x1B\xFE\xAE\x14\xE8\xA8\x10\x7F\xE4\x07\xB6\x1B\xAB"
"\x4B\x43\x2D\x77\xD1\x42\x2D\xA8\x97\x83\x0B\x56\xFA\x06\xF1\x22\xA2\xA9\x04\x78\x7C\x1D\xC8\x09\x9A"
"\xC2\xF7\x08\x69\xF6\xCB\x0A\xB3\x71\x5F\x9E\xC5\x0F\x00\x0D\x01\xAA\xBB\xC8\x03\x95\x04\x61\x57\xBC"
"\x76\xD4\x8E\x29\xE9\x80\xCB\x02\x2F\xD2\x45\xFC\x65\x34\x68\x39\xEE\xED\xF1\xF0\x2A\xE2\xBA\xB6\xB0"
"\xF8\x69\xAA\x13\x3C\x13\x28\xC4\x81\xB0\xE7\x76\x97\x67\xFE\x60\x39\x06\xAE\xBD\x78\xE6\xDB\x15\x55"
"\xAD\x56\x36\x75\x3E\x7A\xF6\x36\x23\xCB\xD7\x72\x80\x97\x74\x03\x0F\x6A\x9B\xFB\x70\xD1\xF4\x75\x9B"
"\x0B\x5C\xDE\x50\x7E\x07\x0D\xD9\xB5\x52\xB0\xDC\x92\x0D\x65\x15\x69\xAC\x12\xF8\xC4\xD6\x09\x77\x04"
"\x64\x94\x6E\xEC\xB8\x2C\x08\x48\xF9\x5A\xDE\x58\xB0\xEB\xCB\x08\x76\x20\xDF\x46\x57\xF4\x12\x96\x33"
"\xC4\xC8\xD1\x22\x9D\xC5\x51\x13\x4C\x6A\xE1\x7D\xDA\x02\x24\xB8\x87\x7C\xEE\x8B\x10\x8E\x91\xE9\x22"
"\xC2\x88\x20\x24\x09\xF5\x16\x42\xEE\x72\xAF\xA9\x8B\xB7\x23\x15\xEC\x40\x9C\x88\xC4\x9C\xA6\x17\xF6"
"\x4E\x4F\x54\xBA\x07\x45\x20\xD6\x5B\x82\xA7\x90\x79\x71\xC3\xAD\xD6\x30\x1C\xA9\x82\x4E\x7B\xCA\x9D"
"\x6B\xD2\x20\x56\x90\x4E\xE5\x0F\x85\xCB\xD8\xC5\x65\x31\x17\x4C\xF9\x86\x7A\xB3\xC9\x09\x8A\xC9\x85"
"\xFD\x63\x7D\x86\xCC\x7A\x75\x78\xFF\x54\x60\x5B\xD8\x27\x7C\xDB\x7C\xB2\x04\xCF\xB7\x3D\x49\x19\x09"
"\xC6\x4D\x65\x0D\x16\xA4\xE6\x88\xA7\x4B\x8B\xCD\xDE\x75\xB3\x3C\xCE\x78\x9C\xA5\xBF\x47\x0E\x98\x25"
"\x5A\x2D\x2D\x96\x44\x6E\x14\x1D\x7B\x3D\x66\x2B\x1B\x34\x29\xF9\xB6\x41\xB9\xC6\xE2\xCF\x41\x2A\x48"
"\xF5\x91\x5A\xF1\x21\xAE\xC1\x01\x6C\x04\x37\x0C\xC1\x10\x52\x83\x56\x7F\x75\xF0\x6D\xA9\x71\x00\x41"
"\xA6\x41\x77\x92\x9B\xFA\x9D\xF2\x05\xFB\x06\x95\x41\x80\x16\x4A\x4B\xE1\xF4\x5C\x3F\x97\x14\x3D\xEB"
"\x3A\x36\xB0\xF7\xB4\xAF\x8E\x35\xCE\x22\x5B\xBA\x53\xD0\xFA\x22\x2B\x81\xAC\x11\x86\xFE\xDD\xA2\xAD"
"\x2F\xFD\x71\x31\x96\x46\x6B\x6C\xD3\x6B\xC0\x3C\x3A\xF9\x29\xB3\x8E\x25\xAF\x1C\x29\x15\x28\x38\xD7"
"\x2F\xAA\x84\xD9\x5A\x1A\x41\x1B\x22\x9B\x6D\x87\x4A\x32\xAA\xC1\xF2\x54\x49\x7B\xE9\xE0\xAB\x60\x66"
"\x72\x5C\xF2\xD9\x53\x7C\xE9\x4B\xDC\x7B\x01\x66\xEB\x16\xE4\x77\x36\x8F\xB5\x91\xB2\xBA\xAC\xAE\xBB"
"\xD2\x76\x80\x63\x05\x0F\x5B\x38\x17\x57\x7C\x00\x1F\xEF\x14\x2B\x4A\xDF\x80\xBC\xA9\x1E\x3C\x4D\xA5"
"\x61\x86\x50\xE2\x13\x16\x40\x2D\x7B\xA1\x80\x2D\x65\xE9\xA6\xC7\xC8\x9B\x1B\xAA\xB9\x0D\x85\x0A\xC6"
"\x49\x58\xF5\xB2\x21\x65\xE3\x21\xC7\x3B\xE4\xD0\x54\x72\xDF\x49\xD3\xD7\x96\xC4\xD3\x53\x71\x9C\x80"
"\xA2\x9B\x6B\x6F\xCD\x0B\x6E\xC9\xF2\xCD\xD1\xB5\x74\x61\x00\xB4\x2B\xD1\x14\x09\x1B\x22\x6E\x58\xD4"
"\xAB\xC9\x84\x6D\x31\x2F\x2F\x3F\x10\xDE\xC7\xDB\x13\x01\xC5\x26\xE4\x43\xA2\x0D\x74\x60\x4F\x8F\x4D"
"\x01\xC6\x26\x5B\xAC\x58\x9A\xE3\x7E\x57\xC8\x9A\xC1\xE6\x66\xE5\x0D\x08\xAC\x5B\x18\xDF\x60\x6B\xBF"
"\x39\x5E\xC2\x1F\x23\xA5\x04\x9E\x26\xC1\x7B\x6D\xAF\x99\x53\xE2\xA6\xBA\xC0\x21\x82\xB5\xF0\x12\x76"
"\x8D\x9A\x00\xD5\xB0\xD7\x2D\x66\xF1\x88\x55\xB3\x07\x87\x37\x73\xC4\xA1\x40\x04\xEF\x74\x85\xDB\x0B"
"\x61\xC2\xAD\x8D\x3A\x49\x55\x88\x16\x03\x4E\x57\xCA\xFC\x1B\xB6\xDD\x43\x62\x17\x66\xE0\x09\x17\x5F"
"\xBA\xD0\xA2\xD6\x8B\xF6\x77\x7D\xEE\xD8\xE4\x64\x6D\x1A\xF7\x6B\x19\x8F\xED\x72\x1D\xE0\x44\x76\x0E"
"\xE4\x3B\x2C\x64\xBD\xA1\x4B\xB2\x00\x24\x89\x6F\x29\x61\x4F\xC0\x9D\x4F\xE1\x73\x95\xB8\x67\xB3\x4D"
"\xB7\x8A\x72\x58\x93\x83\x82\xAC\xA6\xAD\xD6\x6F\xE0\x97\x0F\x43\x9B\xC2\x36\x42\x69\x31\x5E\xD9\xE2"
"\x86\x64\x04\xF8\x09\xD4\x16\x59\x42\x92\xF9\xE1\x17\xE8\x6C\x3F\x13\x10\x3C\xB2\x9D\xA8\x6A\x45\xE4"
"\x08\x2E\xBA\xA9\x85\x4F\xEF\x52\xDB\x95\xF5\x82\x5E\x2A\x3D\x49\x20\x31\xB6\x60\x6C\x7F\xCF\x1D\x29"
"\x3B\xFC\x74\xC9\x4C\x08\x1A\xFA\x8F\x99\x23\x91\x7C\x03\xD8\xD4\x11\x67\x02\xC5\xF3\x68\x3A\x33\x2E"
"\x2D\x7D\x8B\x2A\x07\xF8\x4C\x6E\x39\x56\x40\xC5\x5D\x1C\x40\x27\xCC\xB6\x9C\xC9\xB1\x3C\x01\x38\x4C"
"\x33\x7B\xA4\x6D\xC2\xD0\xF8\x89\x4D\x96\x76\xE4\x21\x8D\xEC\x9C\xC9\x5D\x6D\x11\x9D\xA5\x11\x1C\xD8"
"\xFE\x65\x13\x5F\xD0\xD7\x5B\xA2\x96\xE1\xFD\x4D\x2A\xBB\xA6\xBA\xDB\xAB\xCC\x01\x09\x18\x08\x81\xA0"
"\xA8\x61\xD6\xC8\xB1\x2A\x56\xF5\x3B\xFD\x80\x01\xB3\xA2\xBF\xC3\xD5\x72\x10\x9D\xD9\x11\x39\x24\xC2"
"\x7B\x8D\xD0\x6A\xB2\x08\xD7\x8D\xA9\x11\x7F\x68\x15\x09\x70\xDD\xE7\xCB\x83\x5E\xD3\xE8\xBA\xB5\x33"
"\xA2\x6C\xDB\xB7\x00\x0F\xEE\x8C\x36\x2A\x28\x42\xAD\x25\x48\x9C\xFC\x92\x81\x9D\xB9\x07\x5A\xBB\x5E"
"\x83\x39\x62\x8A\xEA\x32\xAD\xA1\xF3\x23\xED\xB6\x71\x78\x95\xC0\x90\x45\xBA\x54\x66\xE7\x00\x28\x09"
"\x8D\x15\x35\xD3\x6B\xAD\xE3\xFC\x5C\xC7\x07\xF9\x8D\x34\xA2\x98\x4A\xF7\x14\x76\xFB\x14\x4A\x6F\x28"
"\x92\xF1\x38\x87\x84\xB6\x0A\x8B\x27\x57\xDD\xA4\x12\xF0\x42\x59\xB6\xF4\xB0\x75\x75\x97\x32\x98\x29"
"\x6D\x96\x6B\x57\xC5\x66\xF3\x35\x06\xEF\xF0\x46\x3C\xD9\x1D\x47\xBC\xD1\x90\x3E\xC9\x0A\x0C\x6F\x97"
"\x22\x83\xD2\x45\x71\x8B\xBC\xB9\xDF\x08\xFB\x41\x5A\xC3\x2D\x3A\x1E\xB4\x44\xE3\x00\x73\xF9\x11\xB8"
"\x41\x73\xEC\xB7\x80\xAF\x60\x37\x44\xB2\xD4\x1C\x6F\xC8\xCD\x0D\xC2\x4A\xCB\x66\xE4\xCF\xF7\xD4\x38"
"\xCC\x91\x12\xAF\xF4\x8A\xC9\x66\xA7\x78\xF5\x97\x1D\x28\xD0\x1E\x43\xCA\x38\xD0\xAE\x1B\x98\x02\x39"
"\x21\x04\x76\x9A\x73\xA1\x04\x48\xEA\xA6\x7A\xC1\x46\x47\xD0\x80\xD0\xFA\xD0\x82\xC4\x7F\x27\x66\x41"
"\x63\xF4\x55\x40\x98\x9D\xFE\xC9\x11\x82\x10\x8D\x38\xBE\x09\x49\x9B\x4B\x0D\x9F\x2B\x5B\x2B\xF2\xA3"
"\x41\x62\xD3\x6D\x70\x70\x81\x11\xFA\xA1\xAC\x46\x0B\x8F\x21\x25\x3A\xC1\x45\x44\x3D\x59\xB0\x8E\x0A"
"\x68\xE4\xE8\x5E\x04\x4D\x92\x45\xEA\xF6\x44\xCA\xA1\x86\x84\xCB\xCD\x46\x6C\x80\xE9\x50\x0D\x87\x32"
"\x58\x84\x44\x67\xD1\x82\xBE\x02\xD1\xFB\x0C\x80\x94\x38\x81\x16\x83\xBC\x35\x6F\x28\x9C\x10\xDD\xF4"
"\xF6\x28\xB1\xE1\xB4\x3F\xC8\x53\xEE\xC2\x01\x82\x5E\x13\xAA\xF5\xE2\x69\x99\x1B\x2F\xEF\xB3\xD8\x83"
"\x42\x57\x4B\xD8\x52\x8C\xEE\x9D\x27\x1D\x5E\xC2\xD6\xAB\xD1\x4E\xB4\x31\x70\xAB\x1C\xC8\x7D\xF7\xCE"
"\x5B\xF2\x60\x14\xD4\x0B\xE9\x72\x6B\xC8\x77\x29\x8F\xD9\x09\x4B\xD0\xA2\x88\x50\x44\x7A\x60\xB3\x37"
"\xC6\x79\xD2\x0E\xA2\x51\x67\x0F\x3E\x1D\x40\x23\x06\xC6\xF0\xB8\xAC\x84\x80\x1C\x2F\xBD\xCC\x8F\x2E"
"\x44\x16\x90\x5F\x84\xEB\xF1\x65\x03\xBE\x53\x92\x83\x64\x81\x45\xAA\x8A\x35\x5A\x72\x1C\x94\xD3\xE5"
"\x93\x04\x89\x79\x53\x0D\xD1\x54\xC1\x74\x29\x48\x70\x42\x9B\xAD\xF0\x27\x59\x27\xEC\x9B\x01\xD6\xCC"
"\x66\xE3\x82\x22\xC4\x11\xD4\xA1\x0C\xFA\x5A\x9E\x37\xB7\x9A\x1C\xD4\x01\x19\x47\xDA\xFD\x2D\x9A\x27"
"\xD5\x4B\x5E\x43\x15\x45\x79\xB5\x48\xE6\x11\x57\x00\xC5\x75\xC5\xA9\x57\xD5\xEB\x65\xCE\xAD\x20\x8E"
"\xBF\x44\x28\x4B\x9D\x5B\x29\x3F\x56\x48\x14\xB0\x45\x2F\xEE\xB0\xA2\xF9\x3D\x6E\x7F\x59\x33\xED\x11"
"\x7A\xA7\x78\x8C\xE1\x22\x34\x8E\xBA\x3A\xAC\xA2\x0E\x36\x13\x74\x9A\xDB\x38\xC5\xF1\xAF\x67\xB1\x29"
"\xC7\xC5\x8C\xB4\xA6\x56\x69\xAF\x92\x35\xCB\x63\xF2\x1A\xD8\xEB\xB2\x96\xD9\x99\x39\x44\x5E\xE4\xD9"
"\x45\xFB\x28\x9C\x55\x76\x90\x20\x72\x99\xDE\xD1\xD1\x9B\x3C\xCE\x2E\x14\x3E\xD0\xB8\xD2\x82\xFB\xD0"
"\x32\x60\x9C\x38\xDA\x3E\xFD\x89\x10\x06\xC8\x1A\x26\x1F\xC5\xC0\x76\x3B\x40\x16\x3B\xF3\x26\xA4\x74"
"\xAC\x42\xBD\xFC\x40\xE5\x08\x82\xA9\xA4\xC6\xAB\x3F\xCA\x8D\x64\xF3\x10\x87\x1F\xD1\x32\xB3\xA2\xB0"
"\xFD\x3F\x17\x41\x87\x1C\x76\x14\x96\xDA\xA3\x9E\x16\x87\x7D\x1B\x10\x40\x43\x07\xF3\x37\xB8\x0B\x42"
"\x32\xC9\xC4\x2A\xC4\x35\x67\x84\x1E\xA3\x2D\xC4\xCD\x11\x22\xEF\x8E\xEB\x19\xF4\xC4\x55\x13\x25\x86"
"\xB3\xD3\x57\x36\xE7\x50\xC1\xE3\xF6\x1B\x35\x21\xA6\x66\xE4\x0A\xF1\x0F\x6E\xC3\x34\xCB\x0E\xC0\x64"
"\x49\xCF\x72\x49\x64\x56\x9A\xB6\x32\x94\xD9\x51\x62\x04\xD2\x63\x53\xF8\x00\x4C\xEA\xE3\x0A\x66\xFD"
"\xBA\x2A\x22\x38\xA4\xFD\xAE\xFB\xBD\x01\xF4\xFA\x02\x83\xE0\x1D\xFB\x07\x33\x8D\x06\x14\x5D\x12\x15"
"\xDE\x3D\x30\xB1\x55\x1E\xCE\x88\xEB\xC8\x44\xBF\x26\x3A\xD6\x27\x05\x16\xDE\xB8\xF4\x8C\xF2\xDE\x59"
"\x6F\xF1\xC9\xA4\x4C\xD6\x20\x97\xE6\x9C\xE0\x9E\xA0\x02\x15\x04\xC6\xF6\x31\xB8\x30\xC8\xFB\x6E\xF8"
"\x8B\xF1\x91\x84\x0E\x32\x5C\x92\xFD\xDC\xD8\xEA\x33\x40\xBD\xDB\x47\x0C\x30\xC5\xCB\x61\x46\xFB\x34"
"\x90\xA7\x97\x8C\x4A\x9C\xDF\x96\xAF\x1A\xE6\xEA\x36\x44\x06\x0F\xAA\xF3\x64\x7C\x98\xA1\xB2\x03\xA4"
"\x14\xF8\x0E\x65\xC1\xBD\xEC\x16\xFA\xF9\x10\xAB\xFC\x8E\x85\x02\xA2\x50\x4B\x75\x55\x69\x29\x64\x56"
"\xE3\x82\x18\xBE\x82\x48\x12\xDE\x26\x07\x4B\x64\xAD\x9A\x03\x8C\x9B\x9A\x23\xB1\xD5\xC8\xCA\xE8\x14"
"\x91\x25\xC2\x5D\x5C\x89\x47\x6F\x43\xDB\xC9\x46\xF7\x50\x2A\x22\xF8\x95\x45\x92\x72\x59\x08\x38\x5D"
"\xF7\x2D\x60\xF0\xDA\xDC\xC2\x39\x15\x09\xA5\x24\x15\xF3\x2A\x61\xFE\x02\x25\x40\xB0\x38\x17\x4B\x5D"
"\xB1\xB3\xB6\x1B\x8B\x97\x11\x31\x73\x44\x68\x03\xF1\xC2\x10\x2C\xEC\x2E\x3C\x00\xCA\xFD\x28\xF0\x10"
"\x6E\x8A\xA8\xDB\xA3\x45\x13\xF4\x25\x50\x4C\x67\xAC\x2A\x4E\xC1\x58\x74\x14\xDE\x52\xAF\x5D\x1A\x7F"
"\xBB\x97\x49\x1D\x54\x94\xA9\xA1\x21\xF5\x57\x4C\x77\xF1\xF2\x64\xA9\xE9\x91\x77\xD8\x3A\x11\x7C\xE4"
"\xDB\xAD\xC5\xDC\x6E\xE6\xD2\xC1\x65\xAD\x23\x39\x2B\xED\x64\x64\xCB\x64\xC1\xCC\x7B\x10\x26\x29\x5A"
"\xD2\xEC\x35\x8B\x6C\x03\x62\xAF\x66\x57\x83\x05\xF6\x6B\x6D\xB0\xCE\x63\x05\x38\x8C\x65\x92\x16\x8D"
"\xAF\x6E\x4C\x90\x70\xDC\x03\x27\x89\xCC\xA1\x50\x5B\x90\xCC\x91\xDF\xB4\x38\x55\x3D\x79\x4B\x9C\x8B"
"\x08\xE5\xA6\x5F\xEF\xB0\x1F\xFC\x90\xE0\x8F\x59\xBD\x0C\x72\x57\x00\x19\x0D\xAB\xBE\x8F\x3B\x95\xDA"
"\x47\x8F\xBA\xAB\x5B\x4B\x3E\xBE\x49\x40\x92\x63\x03\x3E\xC4\x2C\x2D\xFD\xE2\x81\x10\xBD\x4F\x9B\x8E"
"\x22\xF5\x29\x0E\xEA\xEF\xD2\x14\x4B\xCB\x9E\x02\xEF\xE1\x07\x03\xBC\x50\x1D\x2C\x23\xF7\x32\x57\xE2"
"\xF4\xDE\xD9\xB3\xDE\x9D\x54\x66\x8F\x9B\xC5\xD2\x86\x01\x4C\x41\xF4\x9C\xAF\xBF\x44\x90\xC8\x7B\xE3"
"\x68\x56\xDC\xC9\x12\xDC\xA4\xA7\xF2\x7B\x15\xB7\x91\x0E\x02\xB9\x36\xCC\x50\xAB\x08\x2F\xE1\x1E\x1A"
"\x3B\x91\x36\x9C\xF9\x6B\x9E\xF3\x40\x5C\xAE\xC0\xB4\x05\x25\x18\x90\x0A\xE5\x64\x01\x8F\xE5\x25\x71"
"\x23\x76\x11\xA2\x6A\x03\x66\xAD\xFC\x35\xE7\x6E\x71\x47\x56\xF4\x65\x4D\xA6\x00\xAD\x04\x84\xD4\x16"
"\x09\x2B\x8D\x94\xA6\x60\x4B\x41\x45\x50\x10\xF2\xE3\x00\x42\xDE\xE3\x37\x0A\x90\x28\x1E\xF1\x7B\xA6"
"\x0F\x68\x57\xC0\x8C\xB1\x80\x8A\xCD\x47\xE5\x78\x08\x7E\x17\x6B\x14\x38\xEA\xCB\xA4\x00\x87\xB2\x14"
"\x35\x25\x95\x32\x55\x58\x40\xCB\xA6\x28\x0D\x48\xEA\x11\xFA\x66\x4C\x1F\xE1\x30\xC6\xCE\xC0\x44\x7C"
"\xF1\xD0\xDA\xD3\xC3\x05\xF6\x58\x77\x40\x8B\x2C\xD6\xC1\x76\x5F\x4C\xDF\xCC\xF5\x02\xB4\x73\x19\x38"
"\x25\xA9\x50\x91\xD1\x43\x28\xC3\x34\x59\x4E\x4A\xA6\x66\xF7\x9B\xA5\x8F\x72\x2D\x0E\x02\x4E\xD1\x8F"
"\xBE\xED\xC5\x6E\xD0\x76\x47\xC3\x84\xF2\xE8\xDD\x2E\x03\x13\xB0\xF1\x20\xBC\x5E\xA3\x31\x43\x86\x4B"
"\x1E\xC7\xD5\xDB\xD8\x53\xCC\xD3\x30\x15\x44\x52\x57\xA0\xC1\x2A\x18\x1A\x0B\x54\x3F\x20\x5F\xD0\x0D"
"\x32\x96\xF7\xA2\xC5\x9F\x20\x4C\x0A\x11\x54\x77\x44\x53\x7E\x4F\xC0\x67\x5B\x94\xA4\xBE\xCB\x3B\xD9"
"\xC4\xA4\x95\xE5\xA7\x6F\xD4\x85\xFC\x45\x50\xA2\x54\xA9\xA3\x4B\xA3\x8B\xB1\x0A\xA7\x6A\xFB\xDB\xDF"
"\xC4\x42\x60\xE9\xF3\x2B\x93\xEB\x94\x70\x91\x92\x7A\x69\x9A\xE2\xEB\xDC\x5E\x0E\xC7\x22\x36\xDF\x88"
"\x11\xCB\x4C\xAF\x7A\x01\xC5\x37\x0A\x5D\xC1\x63\x9B\xC2\x27\x13\xC8\x75\xA1\xE4\x7C\xBB\xA5\xF3\x37"
"\xDB\x88\xD7\xD1\x95\xDE\xD4\x7E\x72\xF7\xEF\x88\xD8\xE0\xE6\x11\x3F\x27\xBE\x34\x39\x9F\x34\xC6\x88"
"\xD1\x00\x27\x86\x62\x34\x23\x13\x1F\x50\xD5\x15\x19\x2C\x3F\x35\x10\xDC\x3B\xF0\x3F\xFA\xFE\x86\xE9"
"\xFD\x5A\x26\x4E\x9A\x53\x59\x61\xC2\xB7\x21\x6E\x36\x09\x39\x62\x28\x43\x48\x0F\x44\x00\x67\xE7\x59"
"\xBD\xC8\x1A\xC0\xE7\xD8\x40\xCD\x87\x2B\xAA\xBC\xBB\x66\xC1\x8A\x8B\x9D\x95\xDD\x1F\xCE\x68\x93\x74"
"\xAF\x3E\x52\x92\x52\x40\xCD\xD9\x77\x2F\x09\x4E\x3F\xD2\x63\xC0\x63\x9D\xE1\x7F\xDB\xE4\xC7\xD1\xBC"
"\x7A\x8E\x6E\x15\x79\x6D\x70\xB0\xE1\x1E\xF9\x6C\xE0\x2F\x8A\xAF\xB2\x45\x4B\x39\x1B\xC9\x34\xDE\x60"
"\x62\x80\x9F\x12\x79\x19\xED\xC1\x23\xA5\x3E\x95\xEE\x0F\x64\xED\x5A\x9D\x85\x83\x53\x88\x09\xB7\x3D"
"\xF2\x0F\x2D\x7B\xAD\xA5\x50\x91\xA5\x46\x0A\x66\x8F\x73\x56\xB1\x8B\x4B\x96\xC2\xBF\x12\x9E\x8B\xB2"
"\x34\xA3\x0B\xD8\x24\xB1\xB7\x50\xF5\x70\xFF\x99\xC5\x2B\x9B\x8E\xBC\x15\x36\x05\xEA\xCF\x5E\x39\xFC"
"\x1E\x27\xC9\xCB\x07\x8D\x1B\xB6\xFE\x4E\xEB\x42\xD9\x3D\x22\xBD\x59\xB3\x28\xD8\xEB\xC5\x6E\xA6\x4F"
"\x99\x8E\xF4\xD8\x40\x53\x8B\xA0\x88\x01\x5E\xE0\x38\x71\xB0\x15\x9E\x87\x14\x2F\x1C\x71\xB5\xAE\x12"
"\x1B\xB1\x03\x47\x88\x45\x3A\xCF\xE5\x7A\x40\x49\x70\xAF\x27\x95\xC1\xE7\x6C\x3C\x74\xBE\xC2\xFB\xC0"
"\x0E\xA4\x14\x73\x2C\x54\x02\x9C\x94\x7B\x92\x39\x39\x92\x0B\xAB\x73\xDF\x27\x68\x75\x63\x25\x10\x26"
"\x0C\x38\xF6\xCA\x11\x41\x2A\x01\x98\x36\x48\x48\x41\xCF\x06\x10\x61\x2E\x32\x07\x2E\xD9\xA5\x92\xFE"
"\x55\x8E\x70\x15\x4B\x6B\xA3\xA2\x49\x74\x37\x8D\x4B\x21\x71\x44\x8C\x45\xF6\x7D\xC7\x64\xCB\xDB\x8A"
"\x44\x2D\x1B\x4D\xAD\x1A\xEC\xD5\x90\xC2\x3A\xD8\xC3\xCD\xD2\x1A\x31\x25\x43\x3C\x15\x71\x90\x41\x4E"
"\x06\xEA\x44\xF1\xFA\x37\x71\x86\xA1\xE4\x16\x57\xA7\xD1\xB0\xE3\x2D\x28\x65\x50\xF1\x07\xA3\x16\xB7"
"\xCF\x0B\xFC\xA8\xBA\x2B\xD2\x68\xC0\x60\x4C\x73\xC3\xE4\x58\xA2\xA3\x0A\x52\x2F\x5B\xDD\x40\x53\x65"
"\x9F\xB0\xE4\x86\xF3\x57\x29\x06\x19\x02\xF3\x58\x72\x4B\x04\x41\x44\x46\x18\x0C\x3C\xB8\x9D\x1B\x1E"
"\x05\xFB\x67\xDD\xD4\xF2\xD1\xA4\x4A\x0F\xAC\x36\x01\x24\x1D\x06\xE5\xD1\xD5\xD9\x0A\xDC\xAA\xB8\xE8"
"\x68\x20\xE1\x0E\x9B\xB0\xEE\xFB\xCE\x10\x90\xAB\x69\x89\x45\x13\x77\xB1\x3B\xBA\x65\x28\x8B\x46\xBC"
"\x60\x12\x01\x9A\xAF\x2E\x4B\x89\x66\x6A\x8B\x73\x61\x41\xA9\x14\xEF\x92\xE0\xDD\xA3\xB1\xC7\x4B\x0A"
"\x1B\x99\x51\x49\x7E\xF7\xE6\x54\x72\x06\x79\x99\xAD\xD4\xE2\x3B\xBA\x7B\xC9\x22\xB6\xB6\x2E\x23\x0C"
"\x9D\xB6\x09\x9D\x95\xCB\xC0\x25\x17\x80\xDB\x44\xDE\x57\xB9\xBA\xE0\x6F\x88\x28\x9E\x60\xA4\x1F\x1D"
"\xB3\x02\x17\x54\x23\xD9\x42\x89\x2F\x11\xCC\x74\x25\x0C\x15\xF6\x85\xCA\xE4\x35\xB9\xEF\xFF\x72\xA3"
"\x98\x11\x9A\x1E\x8F\x53\xE0\xB8\xF0\xD2\x5E\x6F\x0D\x84\x89\x20\x5E\x48\xAD\x16\xC2\x53\x70\xE9\x5B"
"\xE8\x26\x7D\x74\xB4\x14\x24\x9A\x99\x03\xBB\xA2\xC3\xC6\x26\x89\xE8\xAF\xE7\x8E\x1A\x8E\xBF\x60\x7B"
"\x5F\xB7\x40\x9A\xA3\x2F\xCD\x5B\xA7\x69\xFD\xEA\x11\x39\xE8\xDB\xA7\x74\x16\x0D\x7D\xFD\x8E\x36\xC4"
"\x10\x36\x9B\xE7\xC3\x3D\xB8\x1B\x52\x32\x63\x6A\xAF\xF0\xE9\x78\x24\xAF\x8C\x7E\x8E\xBF\x0B\x37\xDC"
"\x7D\x73\x99\xC4\xA4\xB1\x12\xEF\xE4\x6C\xDD\x6A\x75\xB9\x28\xD3\xEB\xDF\x08\xD7\xF3\x4A\x29\xB7\x2C"
"\x4B\x1A\x1F\x09\x1A\xB5\xA9\xC8\xC3\xDC\x2E\xF1\x46\xEC\x01\x36\xB1\xD5\x46\xBD\x96\xA4\x8A\x21\x03"
"\x3F\x8E\x47\x12\xF6\xA1\xB9\x6E\x7D\xA3\x4E\xF1\xB1\x9B\x23\xD6\x8B\x19\x05\xA2\x59\x2B\xB0\x23\x86"
"\x1B\x1B\x39\x20\xEF\xFE\xE4\xC9\xA2\x5E\x7C\x4D\x4E\xF7\x31\x5D\xD3\xA7\x36\x20\x34\xC0\xA6\x59\x61"
"\x0F\x78\x9B\xE9\x3C\x1E\x42\xCA\x86\xB0\x4E\x77\xE0\x16\x90\x08\xB9\xA1\xD2\x26\x07\x93\x70\x49\xC7"
"\x8C\xAC\x8A\xA5\xB5\xD3\xEA\x6A\xCA\x02\x3B\x00\x30\x40\x20\x1E\x43\xEB\xA7\xD3\x42\x0C\x7A\x29\xE3"
"\xCC\xD5\x53\x00\xF0\x89\x38\x34\xB9\x78\x96\xF0\x11\x18\x99\xC3\x39\xF6\x42\x4F\x1F\x78\x44\x6E\x67"
"\x11\x70\x2A\xB5\x0A\x7E\xBF\x2B\x0C\x2A\x00\x49\x91\x58\x69\x71\xCA\x06\x2F\x39\x01\xE6\x7B\x82\xF7"
"\xCE\x5C\x76\xE9\xD3\x5A\xAF\xC8\xB5\x4B\x36\x7B\x0F\x9D\x12\x80\x08\x10\x4D\xC0\xDD\xB2\xEF\x75\xF4"
"\x3E\xFD\xE3\x97\x9F\x08\xB2\xEC\xCD\x8C\x31\xD4\xB5\x60\x64\x60\x17\xA9\x26\xDA\x99\x49\x25\x6E\x46"
"\x5E\x0D\x01\x54\xF4\x97\x2E\xC7\xEF\x96\x0C\xB6\x7B\x56\x7D\xD1\xD0\xA1\xDE\x5B\xA8\x3D\x2C\x34\xA0"
"\xA7\x6A\x3B\xF1\x61\x8B\x02\xD1\x1E\xF7\x3D\x8D\xD0\xA5\x37\x11\x57\x21\x31\x60\x47\x7A\x9F\x8A\x90"
"\x82\x5D\x07\x96\x91\xED\x05\x5E\xAE\xF5\x67\x39\x93\xCF\x12\x71\x79\xAD\xCF\x20\x6E\x40\x02\xE2\x07"
"\x4B\xCD\x77\x52\x70\x82\x61\x19\x05\x0D\xF3\x66\xC7\x5A\x01\xF9\x81\x30\x42\x18\x98\x9C\x5A\xDC\xF9"
"\x8F\x90\xC2\x3A\x6F\x0F\x3F\x0B\xD6\x97\xA9\x26\x5D\xD5\x39\x1D\xF1\x29\x15\x70\x76\xF2\x1D\x26\xF7"
"\xD9\x92\x51\x9A\x40\xD0\xEB\xD8\x51\x49\x90\x1F\x59\xCA\x5A\x64\x00\xF3\x5E\x28\xA2\x43\x89\x52\x95"
"\x21\x09\x9D\x95\xA3\xF6\x86\x6B\x93\x79\xDC\x63\xA8\x85\x55\x3F\xF4\xD0\x93\x3A\xA3\x43\x01\x41\x25"
"\x25\x3E\xF1\x05\x82\xC5\x00\x7F\x82\xB0\x4E\x86\x9B\x6B\x94\x81\x80\x3D\x2B\x87\xF3\xAC\x7E\x84\xF7"
"\xB0\x9D\x93\x31\xB9\x81\xFD\xAC\xFE\xC5\xFC\x14\x64\x92\xEA\x1E\x5D\x74\xD2\x46\x48\x82\x51\xBA\x80"
"\x13\x9D\xE3\xE5\x15\x79\x58\x66\x5C\xAC\x7D\xCC\x61\xEC\xD1\x52\xBF\xD5\x01\x8B\x14\x30\x35\x6B\xBA"
"\x5A\x46\xE2\x56\xC3\x0B\x58\x1A\x27\x1E\x08\xE5\x0A\x5C\x98\x68\x06\x6E\x69\x52\xCE\x96\x6C\x70\x7B"
"\x80\x9C\x38\x0F\x75\x57\x49\xDD\xF2\xEF\x24\x50\xC9\xA5\xA9\x7C\x4D\xE5\xBA\x28\xC7\x18\xA2\xC4\xA1"
"\x47\x0D\x19\xD8\xE7\x6B\x3A\x0D\x93\x53\x61\xFD\x04\x93\x5D\xEC\x1C\xB9\x1F\xE8\x8E\x62\x72\x58\xAF"
"\x80\x4D\xD1\x85\x1A\x6C\xD6\x60\x91\xC3\x6F\x72\x2F\xD4\x22\xCA\xB2\x78\x62\x63\x34\xFA\xF0\x9C\xC8"
"\x2A\x54\x06\xF3\xE3\x4A\x2A\xD0\x7B\xFB\xCC\x56\x7B\xA6\xEA\xDC\x82\x1F\xD4\xC5\x5A\x40\x40\x8D\x8C"
"\xED\x77\xCA\x0B\x0F\x61\x91\x4C\xEF\x21\x11\xCA\x21\x54\x51\x26\x80\x03\xB7\x30\x6D\x9A\xA3\xD3\xB9"
"\x20\x94\xE2\xBC\x02\x20\x57\x3D\xD4\xE2\xE9\xCD\x8D\x83\x5D\xBD\x28\x9B\x6E\x54\x04\x5E\xAE\x5A\xB9"
"\x5C\xA5\xFD\x1D\x07\x70\x34\xC0\x56\x66\x5C\xB2\x53\x8E\x84\x4C\x7F\x7A\x2F\x90\xC6\xDE\x61\xC3\xB5"
"\xEA\xEE\x2E\xAF\xCA\xAD\x2B\x2D\x76\x95\x7E\xCB\xF2\x88\x44\x54\x0E\x82\x81\xA3\xAD\x4B\x55\x16\x04"
"\x93\xA1\x3C\x4A\x67\xE9\x2D\xA5\x8F\x72\xAF\x64\x31\x63\x35\x47\xF9\x28\x6E\xC2\xAF\xAD\x04\x6F\x4F"
"\xDE\x8D\x00\xB6\xE5\x9E\x5E\x6B\x04\xA8\x95\x52\xFD\x30\x37\x9E\x0B\xDE\xD3\xEC\xF8\xA1\x17\xDE\xBA"
"\x5E\xAE\x8A\xA4\x91\x50\xD7\x71\xBA\x9C\x4E\xCD\x5D\x09\xBF\x04\x3E\x2F\x0A\xE1\xD7\x0E\x1B\xF7\x26"
"\xB7\xC5\xD6\x39\x4C\xE5\x1A\x98\xED\x16\x77\x29\xAF\x45\x4F\x94\xE2\x77\xAC\x49\x0B\xD2\x1A\xEB\x49"
"\xA5\xEA\x88\x59\xFB\xAD\x8F\xEF\xA7\x03\xBF\x20\x7A\x8D\xD7\xF6\xF4\x9D\x18\xE8\xCD\x76\x34\x4E\x40"
"\x07\x2C\x6B\x40\x4A\x8E\x98\xA9\xEB\xDA\x15\x40\xB6\x05\xB2\xB4\x92\xAC\x1F\x48\x36\x54\xFA\x48\x15"
"\xC3\x72\x1C\x85\x1A\x49\xA7\x49\x7D\xE2\xD8\xA2\x6B\xA0\x85\x19\x25\x07\x56\x6B\x53\xF4\x93\x87\xD8"
"\xF2\x62\x39\x45\x90\xA1\x6A\x13\x07\x56\x10\x42\x5B\xBC\x21\x88\xE2\x48\x09\x58\x78\x70\x37\xDA\x73"
"\x33\xD9\x90\x80\x25\xB3\xEC\xAA\x9F\xD8\x46\x09\x15\xCF\x2C\x07\xF2\x7B\x38\x0A\x33\xA8\x62\x65\x46"
"\x0A\x32\x70\x5E\x13\xBC\x1C\xC3\x36\x53\x8E\x39\xDE\xB5\x23\xAD\x96\xE6\x4A\x56\x81\x80\x34\xB9\x1C"
"\x3E\xDA\x4A\x92\x4C\x20\x1E\x31\x96\x99\x9F\xC6\x8D\x5A\x31\x24\x43\xAE\x1E\xFA\xD1\x52\xA8\xA2\x5C"
"\x88\xAB\x16\x41\x26\xD1\xCD\x8A\xF0\xAC\x5D\x93\x44\x55\x5F\x72\x32\x03\x66\x37\x07\x1A\x18\x23\x01"
"\x16\x19\x1F\x5A\x35\x78\x0C\xA3\xB0\x0C\x76\xE0\x7F\x75\x3C\xC0\xB1\xDA\xD8\x1F\x1E\xC9\x3E\x1C\xA4"
"\xB8\x91\xE0\x8D\xD0\x96\xF8\xD6\xA2\x79\x78\x5D\x17\x38\xB0\x5B\xB2\xEC\xFC\x82\x84\xE6\x61\xB6\x32"
"\x60\x4A\x72\x99\xF1\xB5\x51\xFA\x07\xE0\x91\xDD\xBB\x22\x99\x93\x6E\xB4\x1A\x33\xFA\xC8\x28\xB5\xCF"
"\x78\x12\xE6\x0F\x7A\x62\xAC\x82\x57\x85\xF1\x7B\xB7\xD8\x14\x2C\x07\x0C\x78\xBC\x95\xD8\xCB\xF8\x29"
"\xA8\x48\x8B\x68\x0E\x0A\x54\x25\xB4\x97\x83\xE2\x29\x58\x71\xC8\x75\xE4\x02\xAD\x0C\xC7\xE4\xC2\xC8"
"\x2D\xD7\x6C\xC3\x3C\xFB\x66\xDD\xC0\xE4\xA1\x31\xED\xAE\x78\xF9\x0A\xE0\xCE\xAC\x42\x99\x75\xB3\xFE"
"\xEA\x8F\x61\xC8\x8C\x53\xD4\x01\x91\xD1\xF6\x9F\x3F\x5A\x9E\xC7\x76\x17\x3C\x8B\xFD\x0D\xB1\xDB\xF1"
"\x8D\xA9\x25\x40\xEA\x39\xE2\xAA\x01\x0C\x5A\xFB\x62\xAD\x62\x16\x49\xD3\xC0\x4A\x1E\x91\xAE\x10\x71"
"\x01\x8E\x06\x4D\xE3\x6A\xD8\x2C\x42\x7C\x30\xCD\xC5\x4D\xAD\x6A\x9B\x56\x50\x73\x47\x85\xBB\x17\xCF"
"\x70\xD6\x11\x6B\xCA\xA1\xA5\x99\x28\xDC\xAE\x63\xC8\x7F\x3F\xA5\xD9\x44\x52\x79\x4D\x14\x16\xD2\x8F"
"\x3A\x2C\xA3\x88\x41\x0C\xD4\xFC\x04\x84\x66\x0B\xF8\x2D\x6B\x86\x24\xE8\x91\x01\x18\x50\x10\x6A\x28"
"\xD1\x19\xC9\x22\x2E\x0D\xC4\x6A\xBE\x8C\x97\x2E\xB8\x63\x09\x48\x5C\x8B\xC5\xDF\xEE\x1A\x22\xD6\xA1"
"\x31\xCC\xB3\x20\x57\xCA\x89\x69\x15\xA2\x20\x2A\xFE\xC2\x1E\xF7\x1E\x85\x63\x62\xE6\xF0\x73\xC8\x01"
"\xBA\x5B\x90\x9E\x66\x45\x48\xF4\xA4\x02\x14\x1C\xA2\x1E\x6E\x2D\x2B\xF2\x10\xA4\xD1\xBD\x78\xCE\x30"
"\x3E\xF7\x82\xAB\xB3\xC2\xDA\xC3\x76\x8D\x96\x11\xB6\xEA\xFB\xD6\x87\x6C\x7C\xBE\xD9\xCB\xB7\x83\xF5"
"\x74\x49\x45\x50\x18\xE0\x20\xC1\xEE\x6D\xB4\xD6\xCF\x14\x59\x97\xED\x1B\x99\x85\xF7\xA0\xB5\x67\x80"
"\xD4\x35\x08\x92\x71\xF6\x7D\x60\xBF\xEF\x66\x2A\x8A\xD8\x2A\x66\x6B\x0C\x08\x11\xD0\x43\x95\x6A\xAE"
"\x16\x50\xEB\x38\xBB\x71\x1E\x45\x98\x7D\xDE\x3E\xD9\xEE\x43\x43\x8B\xDE\x6E\x23\x30\xC7\x67\x15\x58"
"\x47\x0F\xBE\xB3\x30\xC5\xCA\x42\x16\xF8\xDB\x04\xF9\x5A\xB8\x98\xC6\x68\x6B\x9E\xAA\x02\x9B\x04\x28"
"\xAD\x65\x55\xE8\x4B\x4E\xC1\x7B\xF3\x32\xC2\x15\xAC\x9F\x2A\xE0\x7B\x24\x56\x16\x18\x01\xD2\xE3\xE9"
"\xBC\xC7\x4A\x9C\x20\x99\xCD\x5A\x4F\xD9\x9C\x6D\x41\x4A\xDB\xB7\xF1\x44\xED\xA9\x87\x29\x89\xC8\xDA"
"\xE2\x98\xA8\x3A\x17\xC6\x62\x59\x58\xBF\x84\xBB\x1A\x77\x33\x69\x03\x1B\xF3\x23\x49\x15\xF1\xCB\xD6"
"\x15\x4E\x34\x3B\x39\x2F\xBE\x19\x41\xE3\x4B\xCD\x1B\x8E\xEC\x8C\x06\xF0\xD0\xCE\xE1\x16\xFA\xF5\x00"
"\x46\x49\x6D\xCB\x8E\xEF\x26\x73\x2B\xF5\x19\xC2\x4E\xFC\xA2\x1C\x92\x73\xB1\x19\x0F\x20\xDD\x3E\x3C"
"\x80\x47\xCC\x41\x0C\xC2\x99\xBB\x27\xFB\x86\xBF\xB3\x2D\xAF\x7C\x1F\x14\x24\x45\xB0\x84\x9A\xAB\x96"
"\xB3\x16\xDD\x38\x34\xB3\xA6\xD1\xAD\x11\x8B\xBD\xCA\xCC\x21\xC1\x8B\x07\x79\x7A\xB3\xEC\x6A\x6D\x2C"
"\xE5\x4C\x1E\xBF\x18\xB0\x48\x16\x3B\x4D\xAE\xA7\x19\x6D\x5D\x2B\xD1\x90\x10\xE2\xD6\xB3\xC1\x3B\xED"
"\xBC\x72\x45\xC7\x6E\xCB\x91\x52\x5D\xC2\xE3\xC1\x53\x3A\x36\x46\x3C\x1E\xEE\x6C\xCE\x9C\x9A\xEF\x75"
"\x13\xD5\x00\x90\x7F\xAE\xD6\x6F\x65\xDF\x59\x94\x3F\x16\xA3\x05\x25\x24\x76\x2F\xC7\x9D\x8F\x39\x15"
"\x96\x00\xEE\xEF\x73\x02\xBE\x91\xC9\x8D\xCE\xEA\x65\x0F\x1C\x20\xDC\x1E\x2F\x3F\xE5\x1D\x81\x34\x60"
"\x44\x73\x43\x3C\xFE\x06\x07\xB9\xBD\x1D\x23\xD5\xB3\xE2\xF0\x18\xBD\xF5\x8A\xA0\xE6\x0F\xD5\x92\x12"
"\xAD\x21\xC8\x35\x60\xB8\xCF\x29\xB6\x95\xAF\x6D\xE9\x56\xE1\x78\x1C\x88\xBA\xF6\x78\x6A\xCC\x58\xD5"
"\xB5\x0D\x48\xF7\x60\x7E\xDA\xF3\x39\x92\x13\x1B\x78\x5F\x6F\x11\xD0\x4B\x0C\x7E\x9C\x26\xD2\xC2\xAC"
"\xBB\x3B\xCA\x5D\xBD\x1C\x41\x39\x48\xD8\xA5\x70\xDA\x0F\x05\xB3\x80\x22\x74\x60\x33\x34\x89\x65\xE4"
"\x29\x57\xA0\xB6\xA0\x85\x28\x6B\x47\x6A\xDF\xAA\x62\x60\x04\x80\x85\xC0\x3A\x1F\x81\x02\x69\x74\x8A"
"\x43\xB7\x12\x48\x20\x06\x64\xA1\xF3\x7A\xCA\xC9\xED\x71\x8E\x32\x91\x54\x10\x82\x53\x14\x1C\xA6\xF5"
"\x95\x88\x49\x9D\xF0\xB2\x18\x2E\x07\x27\x33\x45\x4A\x0C\x97\xDD\x3D\x2E\x9F\xE8\x7C\xF1\xA4\x89\xF1"
"\x12\x12\x09\xD8\xFF\xED\x13\x71\xAF\xDC\x1A\x37\x11\xCD\x49\x7C\x27\x74\x5E\x6C\xBD\x60\xB9\x1C\x64"
"\x8F\xB4\xF8\x47\x03\x74\x69\x17\x50\x6B\x20\xF4\xBB\x43\xDD\xFA\x87\x50\xD7\x28\xA9\xFA\x3B\x1D\x7A"
"\x63\x05\x0E\xEE\x2E\x06\x5B\x6A\x8B\xCB\xB0\x30\x6E\x2C\xF5\x8F\xAA\x55\x5A\x2C\x20\xA6\x54\xA4\x92"
"\xA5\xA5\x2E\x43\x04\x43\xFF\x5C\xC3\xB3\x15\x75\x5A\x24\xBD\x99\xCC\x65\x05\xE5\x48\x80\x6F\xD5\x0E"
"\xF3\x81\x68\x29\x8B\x0E\x6D\x42\x2D\xCC\xC2\x5C\xA0\xD5\x45\x7B\xCA\xAD\x6F\x27\x00\xA1\x99\x45\x79"
"\x0D\xD5\x3A\x5A\xB8\xE7\x58\xBF\x27\xD8\x4D\x6E\x2D\x7D\xF4\x0A\xDA\x63\xFA\xBF\x35\x20\xF1\x7F\x4C"
"\x2A\x0B\xE5\x56\xC2\xE3\x7B\xA0\x9A\x95\x93\xB4\x42\xEC\x6C\x56\x4F\x9C\x8F\xBD\xD8\x4F\xB2\x25\x71"
"\x4B\xB0\x5A\x4A\x17\xE5\x04\x62\xE9\xD7\x83\x93\xB2\x7F\x38\x88\x1D\x45\xD5\x18\x1C\x66\x94\x9A\x7D"
"\x48\x5A\x7A\x7D\x03\x50\xD6\x68\x17\x3C\x6B\xC2\xC8\x29\x26\xD8\xF7\xE9\x4E\xBD\xDD\x63\xC9\xDE\xF0"
"\x7B\xFE\x9F\x58\xE1\x8C\x55\xDC\x6A\xDF\x16\x77\x71\x66\x59\xF9\xAA\xCC\xB9\xFD\x20\x2D\x72\x11\xCA"
"\xDD\x7B\x00\x56\x4A\x65\x36\xB7\x95\x27\x11\x5A\x4D\xB8\x94\xD1\xF1\xF6\x1B\x0A\xC9\x8C\xC2\x6D\x57"
"\x5E\x06\x59\x5C\xC4\x98\x7D\xF1\x8E\x22\x2E\x14\x82\xC4\x8D\xE5\x41\x7D\x1A\x09\x13\x57\xAE\x13\x67"
"\x3F\x96\x0F\x5F\x50\x1B\x9D\x45\x07\x09\x0A\xD1\xB0\x87\x1D\x5B\xF0\x24\xD7\x6C\x6A\xDA\xCE\xE2\xD2"
"\x72\xF8\xE4\xFC\x3F\xDA\x48\x1A\x2C\x1F\xC6\xE5\x6B\x88\x14\xC6\xC1\x7A\x2C\x1C\xD8\x49\x87\xC2\xB9"
"\x04\xF2\x22\x9D\xC4\xA2\x14\x7F\x5C\x39\xFE\x75\x5D\x3C\x75\x8E\xBF\xDC\x29\x08\xC0\x60\xED\x31\x27"
"\x0C\x3A\x1C\xAA\x21\x89\xA7\x39\xB0\x5E\xC8\x51\xB6\x88\x37\x27\x7B\x4C\xAF\x7D\xD9\xDE\xB0\x73\xD6"
"\x52\xB4\xF0\x0E\x86\x32\x76\x93\x53\x7D\x16\x99\x84\xE6\x2D\xC5\xC8\x76\xFF\x57\x2A\x11\xB3\x41\x2A"
"\x22\x7B\x28\xC0\xE4\xEC\x6D\x49\xF3\x28\x2C\x2B\xE3\x81\xB0\x48\x9D\xDA\x48\xE8\x9C\x93\xC2\x7A\xA7"
"\xE8\x9A\x66\x91\x07\x09\xC0\x2D\x4A\xD7\x40\xE5\xC6\x72\x37\xDA\xE9\x91\xD4\x9D\xB7\xBC\xEB\x7F\x8A"
"\xDA\xF2\x40\x83\xD5\x33\xCC\x14\x41\xB4\x44\x3B\x80\x79\x58\x20\xB6\x1A\xD5\x5E\xDA\x23\x24\x34\xF7"
"\xBB\x5A\x91\xB5\xC0\xC1\xD6\xBC\xB6\x5E\x9D\x9B\x88\x64\xCD\x8F\x5E\x38\x51\xE5\x1E\xB2\x8A\xBC\x9A"
"\xD1\x44\x3F\x96\x82\x33\x9A\x6F\xA7\x5C\xB5\x01\xCD\x81\x6B\xDF\xBE\x21\x65\xFE\x26\x0B\x77\xFB\x5F"
"\xE7\x4C\x19\x69\xF0\x1C\x54\xB1\x0A\x00\x82\xB9\x60\xB9\xA8\x21\x51\x3C\xFB\x63\xDA\x2D\x85\xCE\x71"
"\x81\x93\x90\x2B\xA9\x62\x62\xDB\x2B\xAA\xBE\xAF\xFF\x8D\x16\x4B\x80\x45\xDF\x5B\xF0\xDC\x2C\x7C\x2A"
"\xA6\x9E\x03\xA9\x8A\xDC\x28\x4F\x16\x5B\xD2\xD9\xD3\x51\x58\xD8\xA5\xEF\x9A\xA1\xEE\x85\x5D\x6A\xF0"
"\xEC\x4B\xE2\x32\x78\x59\xCF\x5C\x87\xD8\xDC\x59\xAB\x8C\x84\x76\x3E\xA5\x82\x01\xD0\x57\x65\x0C\x04"
"\xFC\xA9\x35\x68\xFC\xBF\x74\x6F\x4C\x27\x0C\x8D\xD7\xDD\x86\x9A\x91\xC9\x6C\x95\x24\x5A\xD6\xBC\xCB"
"\x36\x16\x16\x04\x8B\x83\xE5\xFB\x03\x2D\xFA\x30\x18\xCB\x9A\x62\xA8\xFC\x94\x8C\x76\x46\x07\x00\xD4"
"\xE1\x0D\xD9\x63\xB4\xA4\x9C\x0A\xF0\x56\x58\x01\x36\x11\x5C\x31\x80\x13\x10\x3A\x1C\x2C\xC3\x50\x99"
"\x4B\x2E\xDC\xBD\xAE\x60\x4B\x03\x3D\x7D\x20\x45\x99\xEB\xF4\x2B\xEE\xFC\x61\xA3\x68\xA4\xCC\x23\xBA"
"\x4C\x56\x92\x5E\xA6\xB0\x38\x6C\x7A\x06\xD9\x65\xE2\xEC\x37\xD6\x54\xA5\x59\xB7\x90\x23\x2B\x00\x8E"
"\x7C\x9B\xD2\x6D\x95\xF7\x22\xC2\x7B\xDF\x7A\x3D\x5C\xF5\xDF\xE0\xFE\xDE\xB1\xB0\x17\x88\xB6\xA9\xFC"
"\xD0\xB2\x97\x5F\x80\x9C\x2A\x19\xD8\x6E\x21\x0A\xF2\x17\x53\x62\xE1\x8D\xE6\x54\x62\x54\x7B\xEA\x69"
"\x0B\xE5\x14\xF0\xB2\x98\x4E\xEF\x8F\x1E\xDC\x89\x3E\xFC\x41\x14\x10\x4B\x21\x51\x57\x2A\x3D\xEF\x88"
"\xDB\x8E\x60\xD5\x7E\xAA\x18\x9F\x8B\x42\x30\x58\xAB\x48\x32\xD9\xCD\xB6\x61\x00\x83\xDC\xCD\x83\xC4"
"\x5D\x01\x81\xEF\x30\x00\xA7\xFB\x3D\x2E\xD6\x5B\x06\x40\x35\x92\x0E\xF1\x0C\x59\xFE\x6C\x50\x85\xB9"
"\xFB\x1E\x99\x79\x06\xCD\xC3\x61\x03\xDC\x43\xB7\x37\x16\xC6\x0B\x69\x84\x8A\xE3\x4A\xF6\xA2\x7E\x3D"
"\xEB\x8B\x1E\x3D\x54\x22\xB8\x71\x1C\xB6\xE4\x48\x00\x87\xCE\x00\x96\x64\x25\x87\x2F\x5A\x14\xD9\xF0"
"\x15\x74\xEA\xC2\xBA\x00\xA6\x84\x4C\x44\xD0\x48\x52\xC9\xD5\x02\x7E\x00\x8E\xDA\x85\x89\x1D\x1D\xCE"
"\x1E\xE8\x8B\x1C\x10\x04\xD2\x14\xCB\xB7\x29\xC0\x08\x34\x16\x7B\xEF\x4A\x46\x68\x51\xB2\x67\x01\x62"
"\x96\x69\x44\x67\xEC\x8D\x84\x6D\x65\x43\x8C\x2F\xEC\xBE\x16\x04\xC5\x42\x7B\x8B\x8C\xB0\x2F\x0B\x1E"
"\xD4\x2B\xC7\x90\x1E\x27\x40\xA7\xF4\x57\x56\xBE\x41\xDB\x49\x94\x2D\x09\x0C\x8B\xDF\x1B\x39\x33\x70"
"\x92\x3D\x00\xC5\x34\x0C\xCF\xB1\x23\xBF\x48\x41\x2C\xCF\xE6\xD1\x9C\x3F\x85\xA3\xA9\xA5\xA5\x76\x7B"
"\x2A\xBA\xB6\xCB\x16\x11\x06\x43\x70\x64\x9D\x07\x4B\x52\xA5\xED\x85\x2C\xA5\x64\xB1\x2C\xE8\x4E\x77"
"\xAA\xCE\x99\xC8\x82\xA2\x28\x18\xE6\x2E\xB8\x53\x7B\xDF\x8F\xCF\x39\x98\xD8\x8A\x6D\xC5\x33\x6C\x3A"
"\xC5\x83\x5A\x34\xDC\x16\x92\xBA\x60\x9B\xC2\x3C\xF3\xFE\xB4\x35\x50\x2D\x85\xCC\x31\x53\x9A\xDB\xC2"
"\xBD\x42\x2D\x1C\x62\xF6\x6F\xC7\xC5\x13\xAF\xAD\x61\x4D\x95\xF9\x81\x44\x25\xDC\x62\x06\x4E\xDD\x33"
"\xA8\x02\x55\x3D\x4A\x1D\x7A\x5E\xC4\x09\xF9\x00\xB1\x1F\x8F\xA5\x1D\x6F\x6D\xC5\xF9\x00\x34\x6D\x88"
"\x2D\x7C\x5F\x5D\x96\x37\x9D\x5C\x01\x06\x5D\x67\xE2\x06\x76\xD1\x12\x24\x70\x7E\x57\x56\xDC\x6F\xE2"
"\x0F\xAF\x8A\xDA\xAA\xA1\x23\x26\x90\x9E\x1A\x68\x87\x97\x98\xB5\x62\xAF\x1D\x49\xC4\xEF\xAD\x15\x54"
"\xE2\xD0\xDC\x12\x1A\x29\x2F\xC3\xE1\x81\x3C\x02\xD5\x0E\xDD\xE0\x14\xB4\xFB\xDE\xE4\x6C\x29\xB5\x7D"
"\xF4\xF9\xB6\xC2\xAF\xD3\x6E\x98\x2A\x5D\x9F\x21\x5F\x91\x05\x98\x86\x79\x98\x1C\x7A\x01\x40\xB5\x71"
"\xD9\xEE\x56\x81\xF7\x68\x9F\x88\xDB\x5E\x20\x01\x77\x73\xC8\x89\x45\x77\xEA\x51\xF7\x86\xCF\x63\x3B"
"\x85\x90\x0B\x05\x12\xC1\x1B\x17\x53\x1D\xE1\x49\xAB\x0F\xFD\x38\xA5\xEF\xEA\xCB\xC7\x58\xF9\xE5\x26"
"\xB3\x0F\x8D\x2D\x9B\xE9\x25\x7C\x09\x09\x48\xF0\x79\x6A\xEA\x64\xFD\x0C\x9D\x85\x92\x3E\x7E\xEE\xA1"
"\x21\x7A\x54\x59\xE8\xCE\x07\x76\xD4\xBD\x65\xD6\x2A\x87\x9F\x86\x7D\x32\x54\xAC\xA4\xF5\x25\x30\xC5"
"\xA7\xC4\x45\x36\x1E\x88\x46\x42\x2C\x88\xA4\x63\x89\x65\x37\xB1\xD2\x93\x1E\x8E\x70\xB5\xBC\xB4\xC3"
"\x00\x70\x4A\xE7\x65\x38\x8E\x63\x76\x24\x50\x3C\x95\x2F\x1E\x8B\xAA\xF4\x82\x17\x51\x37\x32\x23\x10"
"\xD0\xBE\x58\x3A\xA0\xD8\xCD\x70\xB2\x10\x6D\xA2\xA2\xB3\x8B\x18\x89\xEE\xAC\x87\x36\x7A\x0B\x33\xC5"
"\x2C\xB0\xA6\x69\x20\xCB\xDB\x0A\x1D\xB3\xFD\x1C\x26\xFA\x79\x54\x5F\x80\x58\x7B\xE6\x19\x19\x60\xE2"
"\x40\x79\xAF\xF4\x3B\x15\x85\x83\xBD\x1A\x81\xEA\x37\x79\x10\x4D\x57\xAD\x29\xAC\xEB\xA8\xAA\x99\x01"
"\x42\xC9\x7C\xA2\x2A\xA4\x8B\x6F\x8A\xE5\xD8\x9E\x32\xCD\x8F\xC4\x10\xAC\x62\x81\x1D\x10\xF0\xE7\x7D"
"\x1F\xE7\x92\x54\x84\xED\x3A\x65\x9E\x72\x44\x52\x43\x36\x5E\x8C\x36\xC8\xE5\x1E\x8D\xAA\x74\xFB\xF1"
"\xA3\xB6\x18\xDD\x02\xF9\x60\x02\x74\x72\xD4\xE5\x17\x52\x78\xAC\xD8\x94\x6C\x32\xD0\x46\x59\xB7\x3B"
"\xA8\x41\x21\x18\xE8\xAE\x35\x32\xEB\x34\x1A\xBE\x87\xD0\xDC\x45\xDF\x77\xA5\x5D\xF3\x63\xA1\x5D\x20"
"\x0C\xCB\xBC\x28\x3B\xEC\x79\x17\x82\x73\xC1\xE1\x73\x40\x3C\x11\x90\x03\xE3\x1D\xE9\xAC\x6A\xDA\xCD"
"\xAD\x40\x8F\xF2\x36\x98\xCC\xCB\xF3\xE5\x8A\x9B\x46\xE3\xC1\x38\xED\x95\x39\xDA\x5A\x46\xCF\xB6\x7A"
"\x41\x8C\x4B\xE1\x41\x35\x80\xA5\x6C\xE3\x06\x25\x9E\x34\x64\x6F\xB3\xFF\xBA\x9E\x8E\xE6\x8A\x06\xE8"
"\xB0\x0D\x10\x3B\x2B\x74\x81\xBB\x5E\xB5\xA1\x88\xDD\x47\xFC\xCC\x2A\x19\xA0\x07\x29\x0A\xD1\x80\xDA"
"\xAF\x8F\x6C\x27\x35\xD8\x71\x6E\x46\x65\x69\x82\x70\xDD\xE3\x07\x16\x9C\x90\xF4\x45\xA0\x4B\x51\xF6"
"\x36\xCE\x53\xC2\xBC\xA3\x58\x00\x5A\xC0\x56\xC4\xB7\x39\x7A\x1F\x5A\x8B\xED\x1A\x6C\x26\x5E\xA2\x81"
"\xB2\x8B\xBB\x9E\x5E\xA2\x08\x99\x77\x0E\x6F\x49\xD6\x63\x96\x94\x9B\xC5\xE7\x4B\x25\x11\xB4\x1F\xF7"
"\xD0\x83\x53\x04\x0E\x6A\x2B\xEF\x60\xB3\x34\x76\xB8\x91\xEC\x53\x76\x86\x59\x68\x94\x19\xCB\xB1\x25"
"\xAC\xD2\x28\x8D\xCD\x92\xA6\x78\x41\xD6\xFE\x61\xF0\xFE\x2C\x06\x83\xAA\xBE\x2F\xA8\x72\x13\xC4\x66"
"\xD4\x7A\x48\xC3\xC5\x40\x04\x37\x6C\x09\x9D\x0B\xC1\x2E\xEB\x22\xA0\x92\x81\xAC\x68\xE3\x43\xE6\x94"
"\x5A\xDE\xE3\xC9\xDE\xA5\x9A\xAE\xD4\x8C\xC3\x6F\xB4\x7C\xB2\xF2\x93\x07\x77\x35\x32\x87\x66\x27\xD2"
"\x0A\x12\xDC\x97\x0B\x52\x0F\x39\xF3\xDD\x7B\x84\xE3\xDD\x3D\x52\x8A\x47\x1F\xA4\x80\xB7\xF0\x8A\x50"
"\xDD\x97\x22\xE1\x33\x61\x43\x8E\xE0\x28\x0E\x52\x9D\x15\x2E\xAE\x1C\x51\xD5\xB4\x39\x39\x81\x5B\x1B"
"\xA2\x80\x1A\x29\x38\xC7\xCE\x62\xA1\x2B\x9F\x60\x5A\x91\x3B\x6D\xDF\x63\xB8\x53\x7A\x3E\xA1\xB5\xA0"
"\x33\xB1\xC8\x42\x92\x4E\x14\xA3\x87\x8A\x76\x3F\x3A\x89\x0A\xBD\x21\x55\x5B\x68\x8B\x8F\x81\xE0\x31"
"\xA9\x6C\x11\x97\xD9\x95\x15\x50\x1E\xA8\xD1\xC0\x84\x13\xF4\xE9\x58\x77\x47\x99\x57\xA2\x5C\x25\x10"
"\xE2\x09\x09\x55\xEC\x0F\x1D\x0C\x49\xE1\x87\x42\x83\x81\x5C\x6C\xB5\xB6\x8E\x09\xCE\x04\xA7\x47\x06"
"\xCF\x5E\x15\x5C\xCE\x8E\x68\xEF\xA0\xFC\x98\x99\x6D\x8C\xFA\xD6\xB6\x40\x43\x25\xAE\x07\x75\x67\x1F"
"\xED\x7B\x92\x7D\xC0\x7F\xDC\x43\x7E\x18\x87\x6F\x80\x83\x6F\xDD\xEC\x92\xD1\x97\xCE\xAF\xD2\xC5\x8B"
"\x76\xE1\x11\x5C\x14\x33\x94\x33\xFD\x41\x89\xA3\x4B\x0A\xAC\x16\x46\x9E\xA5\xD4\x30\x18\x51\xF5\xA0"
"\x2C\x40\xF2\xB8\x13\xD8\x61\x3D\xC6\xC7\x71\x0F\xB9\xC2\xA1\x29\x86\x6B\x05\x34\xD1\x19\xD9\xAC\xF9"
"\x65\x8D\x5C\x43\xEA\x0E\x87\xA9\xA0\x53\x85\x8B\xB3\x45\x1A\xE9\xF5\x51\x33\x51\xD5\x17\xAE\x4F\x6F"
"\x2A\xD6\xC2\xC8\xB0\x5B\xD5\xCD\xC1\x41\x23\x87\x26\xDF\x41\x63\x03\x2B\x70\x39\x8F\x39\xBA\x81\x4B"
"\xC9\x44\x5A\x2F\x0B\x6A\x14\x9B\x08\xF3\xD6\x7D\x58\xFA\x4B\x5C\xCD\xA0\x82\xA1\x15\x6E\x6F\xDB\x6E"
"\x9A\xA1\x5D\xAF\xE2\xCE\x11\x2D\x70\x5E\x76\x3F\x91\x1B\x5B\x77\x69\x47\x40\x4C\xC6\x09\x23\x8D\xE1"
"\x4E\xBC\xBD\x5C\x00\xDA\xBA\xAB\x2F\x80\x8C\x32\xE8\x54\xC5\xF8\x03\x09\xCD\xA0\x85\xDE\x48\x19\x6D"
"\x92\xA2\x70\x21\x9B\xB5\x39\xC0\x90\x37\x7E\xCE\x27\xF6\x80\x36\x2B\xF1\x15\xFA\x15\x1C\x19\x0E\x2A"
"\x2D\x67\xAA\x71\x86\xDD\x50\x08\xC2\x69\x05\xE8\x0D\xD7\xF7\x8D\x12\xE7\x86\xBD\xB8\x5E\x7D\xF1\x4B"
"\xA7\xFC\x5F\x50\xC6\xF1\xC8\xBA\x59\x57\x38\x1A\xE0\x70\x9F\x5C\x78\x3E\xA0\x75\x0B\x37\xEE\x80\x66"
"\xAA\xEE\x1D\xD8\x52\x82\x4D\xA5\xB2\xC7\x49\xB3\x79\x65\xC8\xC8\x9E\xE2\x74\x3C\xCB\xD9\x68\x84\xB5"
"\xDB\xC4\x89\x38\x54\x39\xC2\x07\x41\x80\xA7\xC7\x8F\xF2\xCA\x19\x35\xA8\x11\x72\x6B\xDA\x99\xEC\x1E"
"\x7D\xCD\xBA\x76\x1A\x79\x3B\xB8\xC6\x4D\x21\xF1\xDA\x7E\x4D\x15\x0A\xE3\x46\x4E\xD8\xA8\x75\x9D\x03"
"\x5E\xBD\x1C\x81\x76\xBB\xE8\x45\x44\x7B\x6F\xA3\xF3\x02\x5B\x64\x52\x45\xA3\x9E\x83\x7E\xBD\xF2\xAA"
"\xAA\x58\x73\x03\x40\x6D\x1B\x61\x02\x9D\x0B\x42\xD2\x43\xCA\x2A\x58\x30\x9C\x40\xBF\xC2\xD3\xA7\x95"
"\xC2\xCA\x32\x8F\xDD\x3E\xF4\xDE\x05\x98\x38\xA4\x95\xCE\x15\x72\x09\xF8\x2F\x10\x1C\x7D\x07\x25\x99"
"\xB2\x69\xA4\xEE\x54\xD5\x23\x40\xC8\x67\x27\xB5\x68\x38\x09\xEC\xB8\x7F\x51\x5E\x3E\x83\x92\xF1\x3E"
"\x61\xA0\xC0\x01\xBA\x77\x18\x6E\xB9\xDC\xB7\x1B\xE2\x60\x9B\x89\xA6\xA7\x7D\x6E\x80\xF0\xCC\x7B\x64"
"\x8B\xDA\x44\x05\xA4\xEE\x81\x6C\x0B\x7D\xA5\x17\xAD\x74\xD3\xE5\x25\x44\x98\x27\xE5\xC0\xBC\x84\x35"
"\x4E\x81\xCB\x41\x2B\x39\xC1\x54\x94\xC4\x2A\x32\xC6\x76\xD8\x81\x0D\x7E\x6D\xF8\x9D\x7F\x69\x24\x7E"
"\x8A\xE6\x02\xC6\xE6\x11\xE4\xBC\xE1\x5E\xC8\x21\x8D\xEF\x3E\xFA\x02\x0E\x74\xCD\x7C\xCB\xCB\xCD\x4B"
"\xC5\xA0\xD2\x16\xA4\xA4\x2B\x1F\x49\xC8\x2D\xD4\x82\xE3\xE0\xD7\xA2\xDE\xD6\xBD\x09\x92\x05\xB1\x1C"
"\x40\x96\x73\xCE\x9C\x3B\x68\x0F\x78\x77\x41\xAE\xAC\x3A\x9B\x76\x3F\xB8\xC1\x1C\x05\x46\xB4\xC3\x0F"
"\xC0\x7F\xB7\x90\xB1\xF0\x8D\x05\x9D\x88\x34\xC2\x36\x14\x50\x6B\x0E\x1C\xAE\x6C\xA8\x39\x60\xB9\x2B"
"\x86\x80\xB5\x97\x23\x3B\x2B\xBB\xF1\xE7\xC4\x41\x33\x16\x9F\x9D\x22\x5C\xA5\x0F\x58\x0C\xD9\x24\xF0"
"\xAA\xD8\x70\x5D\xD8\xB1\x18\x60\xD0\x36\xBC\xEE\x11\xD7\x0E\x6B\x62\x53\xD4\x3E\x49\x44\xDB\x45\xEF"
"\x3F\xE1\x9D\x77\x8F\xAD\x4B\xA8\x67\xDE\x66\x2D\xBA\xE4\x1D\x47\x03\x3E\xAA\x9F\x5A\x28\x12\x66\x52"
"\xDF\xE1\x24\xF3\xC9\x41\x90\x84\x7A\x5F\x7B\x7F\x08\x7F\x42\x3A\x9C\xE0\xD2\x84\xA2\xE8\xC6\xB7\x02"
"\xFE\x03\x29\x9B\xDB\xE2\x91\x09\x1A\x8D\xB9\x12\x73\xB0\xE5\x2D\x7B\xC1\x43\xEB\x9D\x56\xDE\xA9\x4D"
"\x80\x80\x5E\x6D\x2D\x5A\x7C\xF7\x53\x5E\x92\xC2\xC1\x47\xD2\x2F\x22\xEE\xD1\x50\x6D\x6B\x90\xC7\x21"
"\x3E\xCC\x9E\x68\xED\x5B\x7E\x0A\xA7\x75\x4A\x6A\xA2\x20\x51\x3E\x9C\x9D\xBD\x17\x70\x15\x82\x97\xF9"
"\x26\x4B\x10\xC0\x08\x3D\x21\x47\x7D\xB2\xB8\xB2\xEC\x19\xF5\xA0\x43\x82\x70\xC2\x02\x6D\xE8\x6F\xCE"
"\xCA\x5D\x31\x50\x87\x9B\x57\x25\x1C\x30\x4A\x77\x82\xBD\x78\x72\xC0\xB8\x17\xE7\x91\x13\x89\x8A\xC1"
"\xAB\x3B\xC7\x8A\x43\xC1\x96\xD6\x7D\xEC\x95\x98\x45\x88\x8A\x29\x3E\x3C\xC4\x5F\x1C\x1C\xF7\xA8\xC6"
"\xEC\xD1\x26\xC7\x3B\x33\xAC\x1C\x58\x45\x9A\x63\xF3\x2A\x8D\x2F\xC4\xB1\x55\xF3\xDD\x6B\x1B\xDE\xE8"
"\x68\x4D\x1F\xDA\x13\xD9\x4B\x43\x0F\x49\x15\x4F\x65\xBE\xA8\x04\x43\x2C\xDC\x06\x50\xF2\xD2\xD6\x37"
"\x7F\xEF\xE0\x9C\x5E\xFE\x37\xC5\x50\x4C\x1C\xE7\xEC\xAF\x37\x25\x39\x12\x99\x00\x45\x23\xA3\xEB\xD1"
"\xDE\xAD\x8A\x79\xE6\x4C\x8C\x10\x4A\x44\x59\x34\xBC\x58\x97\x29\x01\x82\x7B\x81\x58\x63\xEC\x10\xE5"
"\x15\x62\x13\xA1\x19\xC6\x7B\x1D\x6D\x4C\x29\x87\x35\xD1\x66\x6F\x84\xCD\x07\x41\x64\x82\x42\x20\xAA"
"\x38\x98\x96\x97\xC7\xC6\x52\xD6\x1E\xE6\xAD\xE2\x1E\x7D\x19\x65\x5F\xA2\x01\xF9\xB1\xC4\xB9\x73\x52"
"\x2B\xF1\xC5\x49\x9B\x38\x8C\xA0\x22\x61\x11\x38\x0B\x30\x4C\xCD\xEF\xEB\xD1\xCA\x31\xD4\xDB\xD4\xBB"
"\x3D\xA0\x65\x89\x3B\x48\x0F\x6D\x85\xB1\x3C\x4E\xCD\xDE\xF2\x9E\xD6\xF2\xEA\xB3\x19\xA3\xBA\xA3\x39"
"\xE5\xC4\xA0\x63\xDD\x90\x1A\x77\xD8\x0A\x30\xF3\x8B\xC0\x91\xD8\x16\x13\x9F\x1C\xB6\xAA\x50\xAC\xE7"
"\x7D\x0E\x39\xF2\x5C\x87\x74\x3E\x01\x39\x2B\x88\x36\xCE\xE9\x81\x16\x5F\xFD\xC2\xBE\x34\xBB\x93\x09"
"\xE5\xFC\xA9\x9A\x60\xE8\x34\x6A\x89\xDE\x59\x52\xD5\xCF\x0B\x90\xB4\x4A\xB6\x8B\xF5\xDF\x9B\xD6\xB6"
"\x67\x91\x37\xDA\x64\xD9\x26\xBE\xA3\xC8\x5E\x43\x90\xB0\xD5\xE5\x3C\x8A\xEF\x69\x60\x35\x6B\x1D\x70"
"\x1E\x98\x3C\xC4\xDE\xF7\xC8\x31\x0A\xBB\x5E\x02\x4D\x05\x49\x5A\xC6\xEE\x92\x8D\x43\x32\x16\xE6\x39"
"\x9C\xAB\x95\xE5\xBE\x12\xC0\xC2\x9C\x0A\xBB\x19\x45\x9B\x5D\xE2\x94\x63\x9B\xCA\x56\x72\xAF\xA8\x8F"
"\xE1\xFD\xE0\x3F\xA2\xF0\x6A\x9D\x7A\x52\xCA\x82\xA0\x7E\x23\x61\x62\xBF\xF0\x51\x41\xAF\x52\x41\xE3"
"\x33\x84\x7D\x28\x84\xE9\x9C\xBF\x26\x44\xA5\x34\x8E\x18\x9F\xB3\xB5\x2C\x61\x63\x80\xCD\x9A\x98\x6F"
"\x02\x6B\xFF\x94\x39\x6E\x2A\xB8\x9E\xD0\xEE\x5B\x6C\xB5\xC0\x19\x07\xC0\x3C\xBE\x0E\xA2\x9D\xC5\x81"
"\xCC\xB2\xAF\x51\xC5\x0B\xCA\x27\xA6\xE6\x2E\xA2\xB4\xF5\xF3\x49\x8B\x15\xE9\x0D\x90\x68\x41\x0A\x97"
"\x59\x5D\x6C\x8C\xCC\x4C\x14\x53\x85\x7D\xDE\xD8\x9C\x1B\xE1\xCC\x35\x38\xCA\x36\x53\xAB\x86\xFB\xD1"
"\x52\x4D\xAC\x41\x0D\x34\xD8\x1C\x58\x96\x38\x2A\xF2\xB4\xF7\x40\x09\xC8\x0F\x10\xF5\xE5\x09\x8E\x4B"
"\x71\x11\x09\x60\x95\x99\x4F\xED\x66\xFA\x35\xC9\x42\xF1\x4E\xAF\x9F\xC0\x0E\xEE\x6D\xAB\xD4\xC0\xF4"
"\x20\xB6\xB6\x1F\x77\x33\xBD\xA1\xDD\xBD\xEB\xEA\x9A\xE7\x39\x15\xCD\xD8\x94\x89\x34\xB3\x92\x45\xD6"
"\xD1\x76\x95\x72\x69\x82\xB2\x10\xBC\xB9\xE1\x36\xA6\x12\xC2\x68\x2E\x8D\x4A\xF9\x4E\x48\x88\xBE\x0E"
"\x5E\x41\xC1\xA0\x4F\x21\x8C\x1C\xA1\x69\xFA\x79\x6A\x8D\xEB\xEC\x4A\x6A\x44\x07\x1E\x13\x5D\x1B\x28"
"\xAF\x6F\xE4\xAD\x67\xA3\x69\x15\xCD\xB7\x87\x14\x2C\x08\xAF\x56\x95\x70\x29\xD5\x50\xA7\x13\x7F\xA8"
"\x07\x3F\x28\x0C\x82\xE1\xBF\xD9\xF5\x11\x0E\x47\x6D\x99\x31\x48\x95\xAD\xC0\xDE\x6B\xBD\x42\xC5\x12"
"\xEC\x3A\x27\x4E\xB3\x1A\xFE\xCF\x52\xBC\x3D\x3F\xAD\x1A\xFA\x6E\x32\x11\xE9\xAA\x35\xDC\x6A\x03\xEC"
"\x3D\xAA\x90\xD2\x89\x4C\x0E\x09\x5F\xEB\xD0\x5E\xB3\x3B\x16\xEC\x5F\xB6\x41\x09\x04\xD7\x26\x8D\x30"
"\xCA\x62\xAA\x78\xBB\x04\x70\x43\x61\x62\xBE\x82\xEB\x19\xB7\x70\x06\x24\x06\x56\x81\x1C\x3F\xB6\x31"
"\xCB\x43\xA8\x47\x89\x69\xDC\xED\x4F\x8F\x6E\xF9\x86\x24\x52\x14\xDF\x73\x34\x87\x70\x3E\x4C\x68\x11"
"\xDB\x60\x8F\xA5\x97\x66\x38\x86\x6B\x2F\x8A\x37\x01\x48\x97\xFA\x6D\xA7\x1A\x73\x9E\x01\x76\x9B\xA9"
"\xA7\xBA\x61\x78\x28\x09\x8E\xEC\x2F\xF6\x88\x34\xAD\xAD\x6C\x22\xC4\xBA\x9A\x73\x04\x11\x77\xF1\xCE"
"\xDC\x2D\x02\x88\x8A\xE0\x64\x6B\xA5\x0D\xCB\x06\xA3\x9B\x54\x94\x18\x61\x07\x9C\xB9\xEC\x1A\x39\x82"
"\xEF\xD8\xFD\x9E\xE0\x08\x3A\xB7\xA9\x45\x5B\x90\x25\x6D\x13\xAA\x55\x6C\x9E\xEF\x52\x25\x15\x52\x99"
"\x65\xD7\x7F\x97\xD6\xE0\x76\x6F\x21\x8C\x85\x62\x67\xB9\x18\x79\x35\x22\x67\x8E\xB2\x59\x8C\xA0\x9C"
"\x78\xB8\x4B\x02\xEC\x9B\xE3\x80\xD6\xEA\xF3\x56\x75\xDC\x98\x19\xDA\x6F\x17\x17\x58\x5C\x48\xC7\x03"
"\x88\xB2\x1D\x03\x66\xD5\xAE\x77\x41\x84\xAA\xE6\xC7\xDB\x63\xC0\xE8\x84\x9D\x98\x35\x09\x91\x64\x1F"
"\xA2\x1A\x0B\xE0\x5E\xBB\x27\xB5\x60\xED\x1F\x3E\x2B\x1B\x95\x62\x68\x15\x54\xD1\x57\xCF\xBC\xAD\x40"
"\x36\x1C\xFB\xEC\x2D\x56\x2C\xF5\x6C\x6B\x14\xE7\x43\xC0\x4E\x05\xB9\x23\x95\x79\x99\xF4\xA1\xEF\x2D"
"\xC4\xEA\x2C\x84\xC9\x23\x01\x5A\x7A\xB9\x00\xE7\x12\x6D\xAF\xA1\xC4\x63\xED\x9D\x0D\x8A\xC3\x5E\xC9"
"\x9B\xF4\x4A\x4D\xEC\x02\xB6\xC7\x78\xAB\xC7\xC9\x19\x22\xDC\xFD\x55\x21\x08\x9C\xDC\x5C\x67\x0E\xF9"
"\x22\xFE\x85\x98\x7A\xFA\x89\x93\xB8\xB2\x62\x02\x95\x2C\xCA\x02\x3C\xB4\xE4\xE8\x22\x1E\x9F\xC3\x8D"
"\x13\x00\x87\xC2\x7A\x8B\x8F\x2F\xDB\xBA\x40\x9B\xA3\xCA\x15\x95\xA8\xD7\xEF\x00\x09\x1B\xA1\xA3\xBC"
"\x44\xEB\x2B\x20\xF6\xD9\xB3\xF4\xFE\xFB\xBB\x78\xCE\xC8\x13\x44\x0F\xD9\xAE\x60\x0A\xED\x1E\xC0\xF7"
"\xE1\x94\x6E\x89\xAF\xF3\x00\xDC\xF1\x3A\x85\x83\xFC\xBF\xB4\x27\xEA\x9E\x33\x9E\xDC\x29\xDC\xD8\xAA"
"\x51\xDA\xE8\x51\xD6\xB1\x9E\x63\x67\x62\x87\x99\x05\x24\xBB\xA9\xC3\xCD\xB8\x56\xE6\x8E\x46\x80\x01"
"\xA0\xD7\xB7\x42\xC1\xC0\x22\x5E\x90\x5D\x10\x36\x0E\x0C\x29\xE7\x43\xE4\x50\x93\x86\xCD\x93\x8C\xD0"
"\xCC\xFC\x43\xD5\x8A\x40\x36\x15\xD9\x56\xA3\xB2\x34\x56\x17\x15\x07\x89\x2D\xBB\x13\x1B\x5F\x0F\xC9"
"\x71\xB7\x89\x40\x27\xB9\x98\x67\x81\x72\xE2\xFB\xFF\xDD\x85\x3B\xF8\x41\x8C\x55\x4F\xCF\xAE\x6C\xEA"
"\x83\xE3\xB5\xEE\x92\xEE\x66\x27\x8A\x91\xDB\x64\x5E\x46\x51\xB6\xCA\x8C\x46\x4D\xBD\x5E\x05\xCC\x75"
"\x3B\x4B\x31\x74\x9F\x27\x1B\x02\x49\x90\x12\x38\x3D\x3A\x14\xDD\xB9\x56\x28\x5A\x29\xBE\x67\x28\x8D"
"\xAC\x23\x1C\x7D\x96\x42\xA8\xB7\x47\xD0\xF1\xBD\x77\xCF\xA7\x4E\xBD\x09\x4F\xAA\xC6\x8B\x2D\xA9\x10"
"\x59\x22\x1E\xB6\x19\xAE\x42\x86\x98\xB2\xF0\x57\x8E\x6A\x94\x22\x5B\xBF\x2E\x40\x36\x48\xB3\x0F\x2D"
"\x73\x99\x11\xD8\x74\xC2\x03\xB6\x82\x43\x42\xD7\xCA\xFE\x27\xC8\x8B\x1C\x05\x75\xCD\x5C\xF4\x82\x95"
"\xB4\x7A\x6D\xA0\xE9\x39\xEA\x71\xA9\x0D\xA6\xEE\xF0\xDE\xE6\x78\x95\x43\xBD\x73\x09\x8F\xE0\x0B\x93"
"\x4C\xAD\x70\xFE\xE9\x2D\x20\x5F\x7C\x01\x9A\x40\x20\x7E\xCB\xE7\xA0\x1B\xD1\xE7\x70\x84\xDD\xC1\xB7"
"\xC3\x95\x67\x3B\xF2\x00\x1B\x98\x25\x83\xC0\x1D\x07\xB3\x14\xE8\xEC\xF0\x06\x82\x3A\x1E\x96\x04\x4B"
"\xA3\xEF\x9B\x34\x9D\x42\x70\xD3\x68\xAA\xA8\x12\x7B\x30\x79\xDC\x3E\x50\x21\xA8\xF5\x56\x12\x2F\x05"
"\x20\x95\x59\xBC\x28\x37\x91\x3A\x1C\xF3\x59\x3E\x19\xD9\x16\x27\xEE\xFD\x49\x87\x55\x8D\xC8\x6A\x96"
"\x28\x47\x8E\x6D\xEF\x78\x34\x88\x4E\xE1\xE4\x7B\x53\x7A\x56\x0A\x8B\x59\x80\x7F\x44\xAB\xAE\x30\x7C"
"\xE1\xB5\x26\x2B\x02\x5E\xF2\x5C\x41\xF0\x7F\x49\x9B\x2C\x35\xF6\xEC\xA3\x50\xA7\xBB\x97\x65\x62\x48"
"\xE3\x3E\xF4\x9E\xD6\xB5\x50\xB9\x35\xAF\x55\x99\x51\xAC\x44\x79\x26\x96\xA5\x14\x8A\xB8\xCC\x2B\xAA"
"\x32\xDA\xF5\x50\xFE\x31\x2D\x76\xF2\x93\x3F\x1B\x9A\x8B\xAB\x8F\xCB\x9A\x65\x3C\xCC\x17\xBD\xAC\x3A"
"\x07\xEC\x1A\x5C\x29\x6E\x0A\xAA\xC3\x44\xC1\xE6\x58\x1A\x41\x67\x83\x62\xF3\xD1\x25\x2A\x84\x94\x25"
"\xC1\x7E\x32\x38\x9A\x02\x3A\x14\xCD\xA1\x1B\x86\x62\xE0\x5C\x52\xFA\xBD\x65\xD3\xD0\x15\xBE\xCF\x59"
"\xE6\x6F\xA3\x28\x67\x9A\x87\xC8\xA6\x94\x19\xEB\x51\x63\x9A\x30\x2C\x5E\x07\x82\xDF\x98\xF3\x3D\x8A"
"\xF1\x80\xC7\xF5\xE9\x9E\x9E\x90\x0E\x34\x77\xE2\xA6\x94\xAB\x23\x13\x9D\x80\x03\x84\x16\xDE\x69\x90"
"\x0A\x15\xFB\xA2\xCA\xCA\xCA\x69\x3E\x1E\x4E\x78\x43\x45\x43\x73\xA8\xCE\xB3\x65\xCD\xE5\x6A\xE0\xAD"
"\xB0\x61\xBA\x95\xB4\x6C\x09\x2E\x5E\x77\x47\x99\x29\x91\xFD\x24\x90\x26\x54\x35\xA4\x5E\xAA\xA4\x0D"
"\x12\x6A\xB4\x44\x3F\x5E\x20\x39\xEC\xBF\x09\x78\x99\x07\x9F\xE7\x2A\xCD\xA4\x22\x8A\x62\x00\x8E\x5B"
"\xF5\x26\xBB\x56\x0F\x47\x59\xAC\x45\xF7\xC3\x50\xB6\xCE\x05\x08\xB5\x5C\x79\xE7\x73\x1A\x69\x49\x26"
"\xB2\x11\x27\x4D\x63\x7E\x8E\x6B\x3F\x01\xCA\x33\x44\xBB\x2D\x91\x78\x5A\x8A\x7B\x3B\x92\xEA\xF7\xE8"
"\xF5\xCF\x92\x7C\xEA\xE0\xEC\x59\x09\xA0\x47\x60\x52\xBD\x41\x83\x02\x8D\x07\x3D\xE0\xCF\xB7\x48\x19"
"\x59\x3C\xCE\xF6\x04\x30\xC7\xA7\x50\xB8\xC4\x98\x20\x6B\xBA\xEF\x2B\xE8\x19\x72\x17\x43\x65\xA7\x05"
"\x76\xB3\xC8\xCA\x4D\xBE\x6F\x66\x27\x2D\x7F\x2D\x41\x38\x56\xCE\xAB\x35\x25\xA4\xF7\xE0\x10\xEF\xF8"
"\xC9\xB6\x2C\x06\x08\xF9\xFA\x1E\xAA\x5E\xFC\x84\x70\x17\x87\x53\xB6\x50\x62\x6D\xD0\x84\x3F\x9F\xEB"
"\x38\xCA\x28\x87\x51\x43\x59\xED\x27\x34\x36\xEB\x08\x58\x1E\x11\xF1\x72\x96\xE4\x2E\xCA\xC5\x8F\xC6"
"\xF2\x65\xBD\xE2\x8F\x6D\xEE\x86\x2C\x24\x79\x09\xD9\x8C\x87\xF2\x94\x45\x81\xE5\x1C\x64\x19\xA5\x62"
"\x65\xC1\xAE\xB1\xC9\x99\x82\xA6\xBA\x6E\xB6\x89\x42\xAA\x39\x02\xBB\x02\xB2\x87\x8A\x52\x80\x29\x47"
"\x57\x41\xC5\xA0\x23\xDB\xD0\xFC\x61\xE0\x80\x36\xE0\x5E\x67\xF7\x1B\x46\x88\x16\x0C\xE2\x20\x0D\x61"
"\xC4\xF8\x10\x45\xDC\x9B\xE8\xA4\x5C\xC6\x58\xEA\xE2\xDB\x56\x59\x04\xBD\x0E\x6A\xFC\xD9\x55\x43\x7A"
"\xE8\xBA\x86\x22\x17\x41\xDC\x21\x5A\x0C\x40\x16\x02\x8B\x05\x70\xBC\xD2\x2A\xD8\x08\x94\xE5\x57\x2B"
"\x47\x17\xC8\xBD\x0A\x07\xC9\x1B\x5B\xE5\x92\x51\x41\xA6\x94\x4F\x7F\xFF\x75\x21\x7F\xA5\x71\x11\x11"
"\x43\xFD\x20\xB4\x4C\x23\x53\xCB\x80\x46\x71\x06\xD6\xCC\x81\x49\x78\x1A\xF9\x8A\xC7\x20\xD6\x1B\x7A"
"\xA6\x67\x17\x2F\x5D\x45\xDD\x46\x36\xD3\x1C\xC0\xD9\x4C\x71\xAB\x44\x26\xCB\xCC\x11\x80\x5A\x31\x82"
"\x61\x3E\x9D\x61\x89\x43\x30\x54\x2D\x10\x0E\xBC\x18\x56\x90\xE7\x50\x6B\x43\x11\x24\x84\x8A\xA1\xF6"
"\x3D\x5E\x6E\x88\x38\xFB\xA8\x4D\x8E\x05\xC7\x05\x05\x98\x5C\xAF\x06\x98\xC7\xC9\xE3\x20\xE5\x4A\x69"
"\x28\xB6\xD7\x11\xD5\x90\x53\x69\x57\x6A\xE2\xF5\xF2\xEC\x09\xE7\x16\xD3\x92\xE8\x3A\xD6\x5A\x06\x38"
"\x40\x23\xC2\x4B\x3D\xFF\xE4\x17\x22\x44\xCC\x5D\x12\x43\x91\x8D\x7A\xD5\x72\xE1\x2B\x4B\xD8\xFE\xD9"
"\x90\x1B\xC3\xD3\xDB\x25\x3F\x83\x6C\x29\xDF\x97\xC0\xA3\xEA\x9C\xE5\x15\x3C\x13\xE3\x07\x31\xF6\x32"
"\x71\x8A\x91\xB2\x37\x15\x23\xBE\x32\xD2\x90\xBA\xFA\xC2\x69\xDB\x86\xE8\x03\xF4\xB1\x65\x37\xD2\x9C"
"\xE2\x83\x42\x0D\x13\x66\x6B\xBB\x64\x81\x6B\xA9\xAA\xC9\x6B\x0F\xA8\xA3\x70\x60\xDF\xD9\x2C\x33\xA1"
"\x0E\xC7\x1D\x3C\x16\x6C\x2F\x85\x6C\x2F\x7D\x38\x99\x30\x79\x97\x25\x16\x1E\x2B\xFE\xB5\xD7\x2F\x00"
"\x9D\xC3\xD8\x74\x8F\x54\x0C\x34\x34\x08\x34\xC7\x47\x50\x02\x70\x70\x33\x80\x62\x1D\xB0\xB4\x30\x9F"
"\x85\x44\x01\xC9\x97\xC0\x37\x1F\x1D\x12\x90\xD3\x1A\xC6\xAC\x28\xC0\x9A\x58\x39\x81\xEC\x2C\x8C\x2F"
"\xD9\xAB\x08\xC1\x1F\x32\x15\x29\x14\x36\x73\x77\xC8\x90\xCF\xC7\xBD\xC4\xCE\x25\x1B\xA4\x12\x63\xCC"
"\x65\x1C\xFF\xB3\x80\x6E\xC0\x69\x7B\x4B\xE4\xA3\x39\x41\xF8\x34\xC1\x88\x57\xBE\x8D\x83\x40\x15\x7A"
"\x7B\x38\x39\x30\x81\x2A\x74\x52\x35\xD6\x6D\xD9\xA3\xAF\x00\x0F\xD4\x5D\x68\x4E\x77\x70\xD9\xC1\x53"
"\x18\x3F\x66\x50\xF8\xB6\x45\x86\xF0\x1A\xBD\x33\x35\x6C\xDD\x10\x13\xE1\x13\x1B\xEF\xE9\x3E\x23\x42"
"\x77\x00\xDD\x58\xB1\x9A\x7A\xA1\xEB\x25\x8D\x74\x64\x23\x61\x0B\x0E\x32\x4E\xBA\x59\x97\x04\xA0\x73"
"\x38\x02\x51\x60\xA3\x91\xD5\xA9\x82\xDB\xA0\x06\xFD\x83\x07\x3D\xF7\x00\xE9\xCE\x23\xBF\x3B\x5B\xCE"
"\x6E\xC0\xF0\x01\xA5\x90\xAA\x06\x7F\x81\x6A\x89\xD9\x36\x8E\x07\x58\x77\x6E\x8E\x03\x8F\xC9\xD8\xA7"
"\xB3\x2A\x96\x6B\x35\xBC\xD8\x8F\xC7\x09\x3F\xC7\x26\x27\x47\x90\xA3\x8B\xB3\xC7\xCF\x11\xD9\xEB\x19"
"\x06\xAD\x65\x6C\xCF\x28\x74\xDB\x22\x4F\xB3\x9A\x39\x39\x0F\xB1\x57\xC2\x87\x9A\x0F\x9D\xB2\xD4\xAC"
"\xC8\xC3\xB2\x51\x12\x62\x30\xC2\x3C\xEE\xF7\x64\x02\x0E\x06\xBE\xAB\x2B\x72\x03\xFB\x74\xC7\x29\xC0"
"\xE1\xEF\x67\x18\xCD\xEC\xC5\x75\x1E\x14\xFB\x08\x6E\x5D\x51\xB3\x5B\x0A\x0E\x30\x48\xC1\xFA\x7E\x59"
"\x2C\x2E\x89\x94\xCA\x4B\xBD\x1F\x80\x6B\x0A\xF8\x88\xAE\x73\x05\x18\x87\xFB\xF2\x8C\x9E\x1D\x2C\xAC"
"\xDB\x40\xC3\xD4\xA0\x5C\x94\xC4\xA6\x66\xCF\xB8\xE6\xE3\x32\x90\x19\xB2\xFB\x57\x8D\xC0\x2B\xFA\x0C"
"\xA0\xEB\xAF\xA3\x44\x6F\xC8\xF3\x90\xD6\xC4\xC5\x61\x64\xBB\x97\xD0\xD6\x6C\x87\xED\x1F\xEF\xE7\x4A"
"\x23\x68\x4A\xD5\x14\x7F\x85\xB0\x22\x3C\xE3\xE6\xA8\x8B\x1E\x3B\xB4\x4D\xEA\x01\x49\x2A\x15\x58\x70"
"\x6D\xC1\x34\x76\x6B\x9C\xE1\xFE\xA9\x61\xFC\x03\x52\xEA\xC9\x9B\x7B\x18\x0C\xA4\xD5\x77\x84\x09\x90"
"\x73\xDD\x73\x26\xAD\x37\xD2\x9C\x03\xA4\x18\xB2\x32\x27\xFA\x14\x75\x93\x92\x10\xD4\x33\xAF\x64\x84"
"\xCF\x53\x3C\xAA\x82\x07\xDB\x0E\xE2\x42\xAB\xA5\xE6\x21\xAB\x1E\x45\xFA\x9F\x88\x8F\x80\x1E\x81\x68"
"\xD6\x62\x13\x65\x36\x65\x61\x40\x36\x64\x2D\x92\x91\xEA\x87\x3D\xA9\xB7\xAE\x2D\x7E\xED\x66\xA7\xAC"
"\xC8\x4D\xCD\xFD\x96\x44\x88\xD2\xB0\x6A\xB8\x3C\xD3\x4D\xBD\x22\xD4\x73\x80\xE1\x35\xC0\x5E\x8A\xC2"
"\x86\x53\x4C\x85\xF8\xDD\x9D\x14\xB7\x68\xAF\x24\x0A\x20\x37\x88\x59\x97\xB1\xEF\x4B\xE4\x2D\x45\xED"
"\xC0\xE3\x5D\x82\x38\x4C\xC0\x17\xD0\xAC\xA4\xFA\x1C\xB3\xB3\x2B\x3E\x58\xF9\x98\xCF\x40\x80\x38\x0B"
"\x40\x45\xE2\xB1\x67\x9B\xC9\xF1\xDD\x9D\xA6\x43\xA0\x84\x80\xB7\x13\x8E\x04\x6C\xF2\xF4\x1D\xE4\x1E"
"\xA3\x6B\x55\x16\x61\x12\x05\x8D\x17\x0C\x84\x17\xFC\xFA\x7C\x01\x4F\xA6\x04\x90\x21\x92\x12\x4E\x38"
"\x97\x31\xDC\x91\x4A\x9B\x4D\x03\xAF\x76\x56\xAD\x1C\xE4\xE6\x03\x62\x17\xEF\x59\x3B\x9E\x20\x2A\x52"
"\xFE\x6A\xC4\x20\x8A\xF5\x60\xA4\xE3\xE3\xA4\x8A\x73\xB4\x82\xE2\xB4\x43\xBA\xD3\x2C\xAE\xCD\x40\x11"
"\xC1\xF0\x0F\x6C\x51\x67\x39\x6E\x2B\xE0\xA8\xED\x53\x6F\x7B\x5A\x9A\x0B\x30\xCF\x8D\xC6\x35\x0A\xDB"
"\x93\x44\x6A\x0E\x69\xF8\x16\x56\x02\x12\xCF\x1E\xD7\x16\xA6\x25\xDE\x23\x8B\x74\x0D\x4E\x8B\xBB\xD9"
"\xA3\xA3\x5C\x3D\x10\x8C\xA1\xEE\x1C\x4B\x59\x12\x21\x8D\xFF\x58\xF1\xB5\xB9\x7E\xE9\x9B\x8D\xDA\x6A"
"\x3E\x37\xDA\x6C\xEE\x91\x4B\x1A\xEA\x76\xAD\xAD\xC0\x82\xAE\xC7\x09\x73\x6F\x91\x30\x5B\x81\xAC\x7C"
"\xB9\xE5\x18\xE5\xA5\xE7\xC4\xE2\x0E\x2A\x30\x81\xFC\xEC\x76\x0E\x91\x73\x90\x72\xD3\x0F\x84\x83\x66"
"\x90\x5A\x40\xB8\x67\x3F\x1C\x87\xE6\x04\xC7\x0D\x35\x35\xF5\xB1\xC3\x0D\x15\xDC\xFD\x4F\xE8\x5A\x24"
"\x76\xA8\xA6\xC6\x82\x07\xE8\x84\x46\xC1\xE1\xF4\x5C\x26\xD7\x1F\xD6\x1B\xF1\xD3\x20\x72\xB7\xE8\xB3"
"\xE3\xCB\xBD\x51\x1B\xEC\x87\x30\x04\x71\xFC\x23\xAC\x7A\x1C\x71\x0D\x47\x34\x78\xAD\x66\x96\xF0\xC0"
"\x2F\xA5\x90\x52\x40\x81\x7C\x7C\xFD\x37\xAB\xDA\xCB\x53\xD9\x9B\xA4\x7D\xB2\xC1\xCA\x45\xF4\xAE\xD9"
"\xAC\xF3\xCD\x02\x4F\xAC\x88\xA3\x2C\x6D\xB2\xA1\x87\x1D\x77\xCB\xCB\x04\xC7\x1E\x2C\xAC\xBD\x1B\x6A"
"\xD4\x77\xA0\x55\xA3\xF0\x49\xEE\xB7\xCA\xBA\x5A\x26\x10\x47\x9F\x64\x8E\x98\x02\x99\x1E\x52\xE2\xF8"
"\x20\x60\xB9\xA3\x7C\x93\x97\xC7\x7C\x17\x63\xA0\x2F\x9A\x72\x08\x96\x40\x97\xE4\x2A\x6B\x90\x54\xC6"
"\xF8\x94\x6F\xF4\x2C\x70\xC2\x26\x31\x68\xF6\xBE\xBE\x01\x3D\xA2\xEB\x42\x91\x4F\xA7\x6D\x8F\x61\xDE"
"\xC0\x59\x08\x46\x0C\xCE\x5A\x74\x90\x6E\x15\xF1\x4A\xBB\x1D\x6A\xB5\xE8\x77\x84\x12\x69\xF3\x28\x28"
"\xA8\x01\x49\x89\x2D\x27\xE1\x0D\x9A\xA8\x62\x1D\x0A\x8F\x1E\x96\x8A\xF9\x61\x17\xA1\x8D\x87\x89\xF4"
"\xF6\xAF\x23\x80\xA0\x2E\xE7\x4C\x1C\x28\xF2\x51\xDB\x9F\x01\x72\x70\x70\x4A\xDB\xA7\x99\xAC\x31\x36"
"\xF7\x72\xD7\x93\x4E\x1C\x34\x42\x8F\x0C\xF5\x30\x37\xB0\xD5\x83\x8E\xDC\x6C\x78\xEB\xDD\x13\x95\x79"
"\x00\x6F\x44\x44\x4A\x86\x80\x43\xF0\x0E\x17\xE2\x40\x1F\xB1\xD8\xE1\x05\x16\x26\x29\x93\xBB\x36\xCB"
"\x8F\x48\x2D\x45\x3C\xB4\x89\xEC\x73\x97\xE6\xCB\x6C\x8B\x7A\x3D\x54\x41\x83\xC6\x0D\x95\x90\xD2\x71"
"\x40\x71\xD7\x49\xB5\x43\x42\x7C\x9E\x20\x91\xAC\x43\x58\xC0\x54\x89\xA3\x56\x26\x7D\x57\x11\xB0\x3D"
"\xC7\xEE\x2B\x2E\x59\x36\x42\x8C\x5B\xBB\x0A\xFA\x3B\x93\x1B\x61\x87\x40\xB8\xA5\xD3\x8F\x88\x38\x60"
"\xF5\x36\x92\x3A\x17\x56\xCE\x15\xA3\x9D\x6D\xB5\xB3\xA7\x2A\x89\xB5\x54\xA2\x75\xF1\xCB\xA2\x94\x56"
"\x5A\xAA\xE1\xDD\x4E\xC9\xA2\x5A\xB0\x67\x13\xF4\xB9\x1A\x25\x57\xC1\x0E\xAE\x5F\xAD\xB9\x89\xF3\x8B"
"\x24\x42\x3A\xAB\xA0\x28\x69\x6B\x23\xEB\x69\x1A\xA5\x1E\xC4\x45\xD5\xCB\x77\x5A\x56\x19\xC2\xD4\xFB"
"\x56\x25\x0D\x01\x56\xCC\xDD\x4B\x8C\x09\x27\xE7\x04\x3B\xEE\xAA\xC1\xC4\xAA\xC6\x1E\x9A\x9D\x41\xAE"
"\x54\x63\x7B\x16\x1A\x67\x61\x31\x84\x47\xED\xEE\x74\x7A\x0C\xBF\x39\x3C\x57\xA2\x31\x9C\xD2\xA8\xFB"
"\x39\x03\x9C\x53\xA0\xAD\x27\xCC\x0E\xFD\xCB\x71\x6D\xF9\x31\x47\x6A\x6A\xA7\xA6\x17\x18\x95\x63\xEF"
"\x5C\xB4\xB9\x11\xFE\xCD\xB5\xBD\x12\x0D\x40\x4F\xC3\x3F\xFA\x3E\x87\x8A\x32\xDA\xEE\x2B\x57\x4B\x8F"
"\xAC\x55\xCC\xFB\x79\xE0\xCB\x73\x59\xCF\xEB\x95\x19\x15\xE9\x55\xA9\x0A\x9F\x03\x64\x82\x50\xD5\x2B"
"\x8E\x56\x51\x3E\x95\x2E\x34\x11\xE9\x71\xAA\x72\x57\x20\xBC\x2C\x0F\x1B\x69\x23\x33\x00\xBD\x1D\x43"
"\x5E\x28\x3B\xB0\xAC\xDD\x00\x88\xC7\x1D\x7B\x6D\xD9\x3F\x06\x24\xA0\x4A\xA6\x66\xD7\x24\x98\x20\x94"
"\x13\x7B\x50\xC8\x66\x9F\x25\x1D\x9E\xDF\x5D\x0B\x5C\xE4\xA4\x7D\x0F\x84\x34\xBF\x2F\x88\xA3\xE1\x05"
"\xD4\x7C\x7B\x40\xF4\x03\x87\xA6\xB7\x15\x4E\x00\x57\x5C\xB6\x5D\xFF\x14\x57\xAA\x5D\x8D\x54\x19\x19"
"\x3D\xE0\x3D\xD2\xC5\xB3\x72\x8F\xEA\x1B\x87\x2D\xC5\x00\x74\xA4\xCC\xF9\x82\x51\xE0\x25\xF7\x00\xA8"
"\x02\xA2\xCC\x35\x46\xE2\x49\x2C\xAA\x02\x6D\x34\x0B\x2A\x9A\x0D\x7B\xF3\x41\xE9\xB1\x20\xDF\x87\x2C"
"\x9F\xDC\xF3\x26\x44\x13\x0F\x6F\x41\x65\xEE\xAB\x05\x05\xAB\x6E\x0E\xBF\x40\x2B\x8B\xA3\x98\x53\xA7"
"\x50\x86\xB8\xF4\x55\x0D\xBC\x85\x78\x2B\xD2\x39\x74\x8F\xEB\x2A\x1C\xB6\xA2\x02\xD1\x47\x95\xD0\x50"
"\x42\x90\x47\xE9\xC8\x27\x60\x6D\x20\xB7\x2E\x37\xE5\xB3\xC4\x5B\x50\x0F\x90\xC0\x33\xC6\x60\x1B\x01"
"\xA6\x32\xE2\xE7\x1F\xEA\xA1\x03\x42\x28\xAE\xF6\x16\x84\x0C\x96\x7A\x56\xA6\x0E\x27\x25\x40\x3A\xB4"
"\x03\xAE\xB3\x80\x7B\xBE\xE4\x16\x4D\x43\xAA\x7E\xB8\x73\x5D\x23\x66\x78\x89\xDA\x8F\xF1\x1A\x5F\x6B"
"\x54\x2E\xDB\x5A\x68\x6F\x2E\xC0\x2A\x04\x3D\xAE\xF0\x23\x07\xB1\x26\x87\x7C\x70\x13\x06\xD1\xE1\x57"
"\x57\xB2\x75\x51\x51\x03\xB8\xB9\x22\x98\x2D\x80\x46\x6B\xA4\x8D\x21\x56\x1D\x7D\x45\x45\x65\xD6\x1F"
"\x52\xC1\x4F\xDC\xBD\x67\xB3\x53\x23\xCB\xEE\x6D\x9E\x05\x0E\x1E\xA6\x73\x8D\x61\x90\x4D\x7E\x5D\xE2"
"\x63\xD1\x53\x69\x13\xED\x91\x69\x76\x65\xA2\xC1\x9D\x35\xE8\xE8\x13\x4E\x10\x36\x3F\x70\x81\xDA\xAF"
"\x19\x16\xB7\x9B\xF5\x8C\x06\x3A\x23\x83\x25\xDA\x9D\x71\xF9\xF0\xFA\x2D\x5C\x50\xAF\x9E\xB0\x9D\x0E"
"\x55\x82\x80\x0F\xC8\xC8\xFB\xCC\x26\xC8\x26\x05\x19\xD4\xE4\xFA\x60\xB7\xE7\x23\x30\xA9\xC3\xE7\x36"
"\xF2\x11\xBB\xD2\x33\x4D\xA0\x16\x74\xC5\x42\xD8\x06\x5B\x10\x15\xA5\x80\x27\x9C\x87\xC0\xAA\x07\xFA"
"\xC3\x52\x93\x37\xBF\xBC\x5B\xF9\xC3\x77\x0C\x99\x00\x0C\xF1\x4D\xAE\x99\xEF\x52\xC0\x17\xB5\xAB\x95"
"\x0A\x4C\x41\x47\x1A\xD7\x45\x26\x30\xE2\xE8\x83\x4D\xD9\x42\x26\x76\x08\x96\x5D\xD7\x56\x11\xFE\x29"
"\xC5\x50\x98\xD1\xAE\x77\x3E\x95\xB3\xB6\x47\xCA\xED\x16\x4B\xE0\x2E\x8E\x23\x60\xF4\x18\x9F\xCB\x84"
"\x73\x9B\x2D\x27\x34\xDE\xF9\x31\xBC\x5B\xC9\xED\x70\x2E\x51\x45\x02\xE0\xA1\x6D\x4B\x74\xB1\x96\xA1"
"\x60\xA4\x95\xDB\x98\xB2\x94\x90\x4A\x55\xCE\x9B\x81\x69\x15\x15\x28\x70\xB0\x74\xD7\x71\x2C\xB2\xEC"
"\x0A\x0A\x43\x30\x16\x0E\x91\xDF\xE3\x9C\xC5\x30\x67\x86\x7D\x71\x4A\x60\x56\x50\x48\xCB\xAB\x59\x15"
"\xB5\x24\x0F\xB7\xF8\xDC\x1A\xC9\x32\x1D\xB3\xD8\xC4\x3D\x27\xCA\x17\x37\x2C\x36\xE9\x1D\x3C\xC7\x8A"
"\xBD\x52\xD9\x1E\x5E\x63\x47\xB5\x3E\xA8\x71\x00\x5C\xFD\xBD\x40\xE9\xC3\xE2\xDB\x2E\x0E\x4C\x1C\xAC"
"\xB4\x55\xF7\xBA\xB5\x9F\x04\x4B\x82\xE2\x5C\x45\x0B\xB9\xDC\xE0\xB3\x50\xB8\x92\xAC\x4B\xB1\xB0\x55"
"\x1C\x79\x20\xFC\x97\x7C\xEA\xCA\xB9\xB5\x53\x6A\xA1\x3C\xDD\xDC\xF5\xAF\xE0\x10\x5A\xFB\x0C\x13\x0C"
"\x22\x91\x0F\xDE\x20\x36\xF3\x64\xE0\x79\xB7\x12\x95\xC1\xE3\xDE\x70\xB4\x0D\x9A\x2A\xCD\x93\x5C\xA5"
"\xE2\x3B\x80\xD1\x32\xAA\x46\xC1\x17\x4A\xF4\xAF\xCC\x6B\xF8\x88\x35\x76\x91\xE3\x4B\xC2\x93\x68\x21"
"\x6C\x47\x2C\xD7\xBC\x3A\x3B\x52\xAB\x0B\x14\x88\x39\xBE\x27\x24\x70\x97\xA2\x61\x5D\x71\x06\xD5\x51"
"\x81\xC7\xE1\x88\xC0\x92\x19\x87\x12\xBA\x28\xD5\xF8\x3D\xBF\x06\xA3\xC0\x74\xBE\xDB\x92\x8D\x56\x06"
"\x67\xEA\x99\x49\x97\x6A\xC3\x25\x85\x78\x08\x16\x1A\x8B\xD8\x18\x0F\x33\x53\xE9\xD5\xAC\xDA\x6D\x6D"
"\x54\x29\xAE\x0D\x06\x28\x1F\xB1\x0A\x9E\x05\x30\xFA\x70\xB5\x8A\xDD\x38\xF2\x34\x3F\xB2\xE8\x66\x4F"
"\x12\x2D\xFC\x8D\xA8\xC8\x47\xF5\x0D\xF4\x05\xA6\xB6\xB5\x0A\xE1\x22\x8D\x17\x35\x84\xB4\x04\xCA\xAE"
"\xC8\xA0\x6F\xDE\xB4\x47\x44\x31\xF3\x3C\x51\x45\xF3\xCD\x98\xC6\x33\x93\xE6\xA0\xBF\x24\x14\x5A\x6B"
"\x08\x8E\xE7\xE0\x01\x24\xBD\xA4\x92\xC1\x01\xAA\xD8\x60\xF2\x68\x13\x7E\xC1\x0A\x4A\x59\xC3\xB7\xC0"
"\x96\x55\x0A\x28\xEC\xA2\xAF\x83\x35\xE1\x92\x4F\xB1\x7E\x29\xAA\x64\x29\x78\x9B\x38\x92\xB0\xA8\x75"
"\x50\x2B\x0B\x60\x2B\x52\x6F\xD5\x8F\xCE\x20\x66\x58\xFF\xB2\x6E\x35\x8C\x2F\x37\x54\x12\x79\xA5\x54"
"\xF4\x83\xEF\x8B\xC5\x40\x02\xDD\x43\xBC\xDE\x9E\xA5\x70\x17\x57\xD4\x99\xBA\xA2\x7D\x39\x6C\x07\xE5"
"\xC8\x9E\x29\xC5\x57\xDA\xF5\xB6\xDF\x91\x58\xBB\x1E\x8D\xD1\xB0\x34\xD8\x83\x5E\x4E\x10\xCB\xDA\x3B"
"\x37\xBB\xE0\x47\x2A\x8E\x4C\xC0\x92\xE3\x5E\x00\x99\x2D\x9E\x4E\x8C\xED\x40\xAE\x11\x8E\x69\xB0\xA7"
"\xA2\xCF\x9C\x9C\xF6\xEC\x02\xA4\x17\x3F\x67\x6B\x5F\x86\x8A\x0A\xB0\xCC\x9B\xCF\x79\xD5\x08\xBA\x03"
"\x45\xFE\x0F\x39\x74\x82\x67\x04\x3C\x2C\x2D\xDB\x1A\x85\x83\xF2\xB8\x66\x4E\x1C\xA8\x73\x24\x4A\x1D"
"\x2A\x2A\x66\x86\x82\x4D\x47\x36\x0F\x20\x30\x27\x86\xB0\xEA\xAB\x62\x53\x64\x4C\x26\xB5\x4B\x15\xAE"
"\x65\xB4\xAD\x7B\x6E\x43\xC8\x30\x18\xCB\x66\x83\x0A\x0F\x19\x77\xA6\x7B\x1A\xB0\x02\xD0\x18\xDC\x5D"
"\x6F\x59\x24\x18\x41\xC5\x86\x75\x51\x75\x4F\x2C\xDE\x41\x0C\x1E\x64\x5E\x59\x1D\xB2\xBB\x29\xF0\x40"
"\xF0\x75\xC5\x4D\xBD\x78\x18\x3A\x8B\x1C\x4E\x34\x58\x5A\x2E\x87\x26\x44\x5B\x99\x95\x14\xDC\x19\x9B"
"\x7B\x3D\xBE\x2F\x5F\xBF\x6F\xB5\x3D\x87\x09\x79\x53\x72\x3A\xBF\x80\x75\xBC\xC5\x3C\x63\xF4\x8E\x91"
"\x27\x04\x11\x3A\x39\x6F\xEE\xB7\x07\x4F\xBF\xC4\x41\x28\xD1\x7B\xC4\xAC\x0A\x3B\x4E\x8F\x8E\x40\xC4"
"\x23\x9D\x1B\xC6\xA6\xDC\xA4\xFF\x04\x64\x5D\xD2\x6C\x44\x19\x15\x45\x2C\x34\x77\xDB\xF9\x9A\x8C\x7F"
"\x58\x69\x3A\x8E\xAF\x14\xEB\x24\x64\x4F\x04\x26\x84\x98\xC3\xA2\x15\xF2\x66\x0C\x43\x59\x0E\x62\x47"
"\x9B\x0D\x87\xD8\x81\x09\x07\x15\xC6\x59\x3E\x01\x0D\xF3\xA0\x97\xEE\xFA\xF8\x12\x7A\xC0\x88\xA6\x8F"
"\x22\x80\x80\x36\x72\x61\xC7\x03\x50\xBC\x77\x80\xA5\xD2\x43\xF0\x62\x18\x0C\xD5\x57\xC3\xAE\x9D\x5E"
"\x72\xC8\x3F\x82\x7C\x23\xB8\xF8\x6C\x9E\x2E\xA3\xA3\x44\x7F\x29\xC3\xD6\x35\x2E\xEE\xB0\x70\x23\xAF"
"\x13\x80\xC7\x92\x65\x81\x4E\x58\x6B\x17\x69\x06\x31\x46\x36\xB6\x0B\x5F\x06\xA0\xD2\xEA\x3B\x61\x98"
"\x4D\xE4\x3F\xE9\x58\x31\xC7\x15\x7D\x4B\x6C\xD4\xF6\x4F\x8F\xAE\x4C\xA3\x22\x11\xD5\x22\x24\x7C\xD1"
"\xA6\x11\x54\x1A\xAB\x49\x67\x4E\xD5\x1E\xC5\x16\xE6\x4F\xED\x84\x0B\x28\x62\x70\xB1\xD6\xFF\xAB\x30"
"\x6B\x21\x4D\x40\x61\x8A\x32\x53\x7B\x99\x01\x7A\x81\x3A\x3C\x60\x77\x0A\x59\x65\x54\x53\xED\x09\x47"
"\xCE\xF2\x52\x80\x15\x17\x66\xFC\xB0\x1F\xBC\x45\x61\x3E\x31\xF8\x3A\x36\x2D\x20\x64\x00\xAE\xBE\x51"
"\x33\xA3\x7A\x5D\x03\xA0\x26\x19\x65\x1C\xCE\x44\xC0\xA9\xEF\x46\xF0\xC8\xA0\xC9\x36\x91\x01\x10\x5C"
"\x1D\x60\x16\x34\x92\x1B\xF3\x56\x34\xC5\xB7\xAB\xA7\x53\x6F\x8F\xBB\xD6\xB7\xE2\xB8\xFB\x65\xDD\x4F"
"\xA9\x3C\x51\x45\xAB\x84\x79\xEC\xD4\x87\x00\x33\x15\xE8\x10\x83\x0B\x8C\x2B\xA1\x13\x35\x8E\x58\xFB"
"\x66\x50\x49\x5E\xB2\xDB\xEB\x94\x68\xC7\x46\x57\x10\x38\x83\x88\xCD\xC4\xEB\x57\x09\x48\x47\x02\x0E"
"\x72\x47\x90\x2D\x3D\xEB\x4D\x13\x81\x0B\xFB\xA0\x50\xDF\xCC\x87\x2D\x5B\xDC\xE4\xC0\x6A\x2D\x43\xE1"
"\xF9\xA7\x10\xA2\x51\xE9\xB8\xA8\x1D\x58\xB4\x36\xE7\xCF\x3A\xAD\xC0\x1F\x10\x5C\x86\x5F\x47\x6A\x05"
"\xEC\xB9\x2F\x79\x61\xC3\x08\x65\xB3\x93\x4D\xBF\xA3\xB9\x84\x56\xDC\xA6\x01\xA3\x30\xE8\x46\x0E\x76"
"\x80\x8C\x20\x80\x9C\xCA\xC4\x01\x1F\x4E\x65\xA6\xBA\x69\xA0\x83\x9A\x10\x6F\x07\x1C\x44\xE7\x86\xDF"
"\x70\xB7\x0A\xC9\x35\x90\x1B\x9C\xB9\x17\x16\xC4\x85\x11\x54\x09\x0D\x18\x64\xF6\xED\xA4\x97\xD6\x9A"
"\x2E\xA7\x56\xB1\x75\x2A\xC0\x37\x51\xF0\xDB\x72\x2C\x9B\xAE\x11\x5D\x87\x3F\xF7\x2D\x54\xEE\x9C\x6B"
"\x2F\xEA\xDB\x23\x60\x6F\x80\x0D\xC3\xB9\x2E\x06\xDE\xA6\xDA\xE4\xB9\x75\x37\x76\xC9\x40\x95\x6C\x6D"
"\x68\x26\x7B\x49\x33\x3D\x1A\x7E\xE0\x1D\x0C\x12\x80\x45\xC2\x79\xED\x6E\xE5\x5E\x6C\xAE\x65\x73\x64"
"\x40\x55\x1A\xD8\xBB\xF2\xA2\xBF\x2F\x25\xB2\xB8\x25\x25\x83\xCF\x44\xF5\x4F\x81\xF5\x60\x58\x6A\x99"
"\x0C\xCB\x06\xDA\x37\x4E\x86\x68\x03\x82\x76\x2D\x17\xEC\xEB\xCD\x2A\x3E\x10\x84\xBC\xF1\xAF\xBA\x19"
"\x99\x5D\x37\x95\xD0\x05\x9D\x9E\x0B\xE4\xAC\x32\x01\xC1\x3F\x53\xF9\x18\x34\xC5\x9C\x7B\x03\x2C\x27"
"\x24\xCF\xA0\xA9\xC0\xB8\x26\x4A\xAF\xF8\xF5\x0A\xCB\x2F\x55\x43\x8F\x87\x30\xE8\xD1\xC5\x63\x48\x0D"
"\x3A\x9A\x50\xA3\xC0\x4D\x10\xE0\x21\x0B\x13\x88\x20\x06\xFB\x8E\x11\x0E\x7A\x44\x00\xF7\xE6\x60\x01"
"\x38\x5F\xA7\xDF\x39\xA0\x7C\xE0\x33\xF4\xF8\xEF\x11\x13\xC1\xDD\x6D\xB3\xDB\xAB\x2D\x5B\x98\x63\xAE"
"\xD5\xD7\x46\x33\xE4\x3C\x05\xD9\x45\xBD\x3F\x01\xCD\xB3\xAF\x31\x3D\x4C\xC9\x30\x6F\x11\x36\x02\xF4"
"\x9F\x0E\x71\x0C\xC6\x94\xBD\x13\x6E\x9C\x65\xEB\x89\x86\x01\x08\x65\x34\xCE\xB9\x57\x5A\x7E\xDD\xD0"
"\x73\x2D\xEA\xDC\x07\x0B\x5C\x70\x68\xC9\x42\x22\x87\xBA\xA3\x66\x56\xBB\xF1\x3B\x54\xB5\xBB\x50\xA2"
"\x9F\x0B\x90\xEF\xCA\x39\xB2\x26\x30\x1B\xFB\x44\x99\x2C\x6D\xE3\x57\x7E\x82\x45\xE9\x10\x5B\x99\x83"
"\x0C\x0D\xFA\x7A\xB8\xE3\xD8\x6A\x18\x16\x83\x73\x2D\x80\x72\x4C\xC7\x08\x61\x23\xCD\x31\xE7\xAE\x0A"
"\x5F\x0E\xF6\x49\xA4\xFB\x22\x46\x4A\xB1\xA2\x1E\x92\xDA\x30\x78\xB0\x0B\xB9\xA0\xEB\x25\x01\xC1\x5E"
"\x51\xE7\x0A\x10\xFC\xC3\x0F\x98\xF6\xA9\xD6\x59\x53\xDE\xB8\x9F\x0E\x46\x4F\x38\x59\xC7\xD5\x2C\x00"
"\x05\xEC\x6F\x2F\xFA\xA1\xF2\x86\x84\x46\x5A\xE1\x42\x2B\x51\x09\x44\x8E\x2E\xA5\x66\xD5\xC3\x0B\xF1"
"\xE6\x17\x3C\xC7\x9B\xEF\xE2\xD3\xD2\x21\x27\xF3\x15\x3D\x79\x58\x2C\x02\xB6\x87\xFF\x4A\x99\x09\xBF"
"\x5B\xD0\x91\x99\x27\x86\xFA\x30\x53\x23\x21\xAF\x14\x9D\xED\x7A\x06\x85\xD7\xBA\x10\xFE\x98\xC4\xD0"
"\x80\x90\x8D\x4D\x85\xA6\x6F\x44\x35\x98\x67\xB7\x6B\x4F\xD6\x08\x60\x58\xAE\xFD\x03\xF1\xF9\x05\x98"
"\x29\x46\x9D\x83\x5B\xEA\xDA\xBF\x30\x1A\x17\x45\x50\x50\x38\xE2\xFD\xC1\x0C\x58\x03\x59\xD1\x2E\x45"
"\x77\x75\xE7\x30\xCB\xB3\xC1\xBA\xD9\x1C\xAC\xE3\x1F\x00\x24\x82\x77\x89\x03\xB4\xA6\x6D\xB9\x6B\xF7"
"\xC4\x5F\x7F\x9F\xAF\x88\xF1\xA2\x35\x1A\xF8\x05\x75\x62\xE3\x75\xF0\x28\xBE\x40\xAB\xE2\x3E\x3A\xE6"
"\x5D\xC0\x9F\xCA\x9A\x07\xD0\x01\x53\xC6\xF3\xC5\x88\x5D\x54\x0B\x91\xDA\xE1\x98\xA6\xF5\xF0\x7F\x94"
"\xA6\x8F\xF8\x34\x05\x4F\x1E\xC4\x13\x54\x04\x14\x0F\x8E\x62\xC1\x27\xB7\x96\xEC\x90\xE7\xDF\xC9\x49"
"\xE5\x46\xF7\x0F\x3E\x2B\x58\x8A\xC5\x0F\x15\x8B\xA5\x39\x2A\xA3\xA1\xB6\x47\xCD\x6D\x55\x60\x4D\x57"
"\x34\xA9\x07\x3F\xB9\x2C\xDA\x25\x7C\x78\x45\xB7\x4C\x31\x3D\x8B\x78\x77\xDB\x44\x5E\x4E\xF5\x57\xD0"
"\x4C\x39\x6E\x71\x75\x58\x22\x68\x1D\x1A\xAB\x90\xC2\x96\x5E\xBA\x11\xAB\x85\xD7\x72\xCD\x50\xFA\xD8"
"\xEC\x8F\xF7\x04\x9B\x1B\xDF\xC2\xF4\xDE\xAB\xD4\xAE\xC8\x76\x47\x15\x49\xA3\x9C\x1A\x83\xF8\x92\x6D"
"\x08\xA8\xC9\xF6\xD5\x7A\xF8\xDD\x75\xA3\xC2\x10\x04\xDB\x69\x44\xB8\xF6\x1F\x51\xED\xAC\x8B\x7E\x2F"
"\xB3\x0E\x44\x80\xEA\xAB\x5B\x44\x41\x78\xFD\x51\x18\x85\x89\x98\x92\x4B\xD1\x85\x55\xE2\xA9\x24\x43"
"\xE0\x9D\x1C\x0F\x61\xB8\x00\x35\x3B\xA5\x87\xC2\xE5\xB2\xF0\x1F\x7F\x0B\xF4\x9F\x09\x71\x8D\x92\xCD"
"\x42\x46\xE0\xA9\xC2\xB1\x99\xE3\xBE\x5B\xBB\x80\x54\x1C\xB9\xBD\x90\xD4\x1B\xE8\x5C\x30\x37\x65\x5F"
"\xBF\x48\x40\xE1\x42\x0B\xDB\x67\x98\xB5\x2E\xC7\x10\x50\x32\x19\x4D\x4F\x84\xE7\xD4\xAA\x63\xBA\x35"
"\x4C\x6E\x2C\x7C\x6D\xCA\xE5\xBA\x63\xE3\x0E\x03\x10\x11\x0F\x9A\x09\xFB\x9E\x4B\x7F\xE9\xC2\xF0\xB1"
"\x4D\xCD\xC1\x5A\xCF\x44\xC5\x99\x5A\x6A\x0C\xFA\x14\x26\x13\x9E\xF9\x78\xCF\xA3\x75\xFF\x7C\x55\x5B"
"\x94\xE5\x77\x83\xD9\x30\x1D\x08\x59\x06\x22\x55\x04\xA4\x73\x87\xB6\x4B\xA2\xB5\xA4\xEC\x24\x9C\x16"
"\xF3\x69\x7B\x43\x6D\x1B\x75\x7E\x11\x82\x64\x32\xE8\x80\xDC\x07\x7B\x54\x4C\xC6\x56\x8D\x9D\x6D\x93"
"\xED\xA3\x02\x63\x0B\x7B\xA5\xC1\x1A\xDC\xA2\xF0\xB1\xC9\x3A\xA0\x00\xE4\x1E\xC4\x52\xCC\x1D\x23\x69"
"\x1D\x7B\xE1\xE1\xE1\xC2\xB2\x49\x54\xF6\x02\x0D\x8B\x44\x15\xF4\xE1\xB4\x61\x3D\x37\xB8\xB8\x94\x9B"
"\xE9\xF0\x21\x37\xC3\xE6\x69\x02\x98\xAD\xA5\x34\xE8\xF6\xF4\x56\x3B\x43\x94\x6A\xC0\x0F\xDF\xF5\xE2"
"\x12\x20\xD0\xB2\x19\xCF\x23\x99\xA3\x30\xFB\xA8\xCF\x4B\x04\x1C\xF6\x1F\xDC\xDC\x4D\x29\x15\x57\x3C"
"\xD8\xBE\x18\x93\x1C\x09\xC7\x1E\xBB\x38\x38\x0F\xF1\x78\x07\x34\x1A\x44\x18\xC5\xFA\x7B\x69\x9F\x37"
"\x30\x25\x0B\xD3\x95\x23\x53\x59\xBF\x46\xB5\x66\xCC\xAF\x94\x9C\x89\xF9\x01\xE2\xC4\xBC\xF4\xE3\x37"
"\x4D\xD0\x33\x90\xB6\x72\x2D\x88\x7C\xE6\xF4\x07\xBF\xD8\x56\xA7\x1D\xE3\x1C\x2A\x00\x00\x00\x00\x49"
"\x45\x4E\x44\xAE\x42\x60\x82"
}
};

static const binfile_t logo_msx = {"logo_msx.png", 464, {
"\x89\x50\x4E\x47\x0D\x0A\x1A\x0A\x00\x00\x00\x0D\x49\x48\x44\x52\x00\x00\x00\x2E\x00\x00\x00\x32\x08"
"\x03\x00\x00\x00\x14\x73\x19\xE5\x00\x00\x00\x01\x73\x52\x47\x42\x00\xAE\xCE\x1C\xE9\x00\x00\x00\x04"
"\x67\x41\x4D\x41\x00\x00\xB1\x8F\x0B\xFC\x61\x05\x00\x00\x00\x45\x50\x4C\x54\x45\xCF\xCF\xD0\xA5\xA3"
"\xA7\xCE\xCE\xD1\xD6\xE6\xD6\xC7\xCA\xCD\xC4\xC2\xBF\xE7\xEF\xF7\xFF\xFF\xF9\xE6\xE6\xDE\xFF\xFF\xFF"
"\x23\x1F\x20\xB4\xAD\xAD\x75\x73\x73\x8F\x8E\x8E\x34\x30\x31\x81\x7F\x7F\xE0\xDF\xE0\xBD\xCE\xD6\x50"
"\x4E\x4F\xF8\xF8\xF8\xF8\xFC\xF8\xF1\xF0\xEF\xD0\xD0\xD1\xA6\xF2\xAC\x01\x00\x00\x00\x09\x70\x48\x59"
"\x73\x00\x00\x0E\xC4\x00\x00\x0E\xC4\x01\x95\x2B\x0E\x1B\x00\x00\x01\x14\x49\x44\x41\x54\x48\x4B\xCD"
"\x96\x8D\x6E\xC2\x30\x0C\x84\x4D\x47\x29\xB4\xFC\x8C\x8D\xED\xFD\x1F\x15\xDF\xD9\x0E\x0D\x2B\x92\x3B"
"\x29\x12\x9F\x48\x7C\x76\x0F\x37\x2D\x34\xAA\xC8\xA6\xAB\xF8\xF0\x61\x44\x66\x63\xDB\x4B\xDF\xED\x86"
"\x24\xFB\x4E\xED\x95\x1B\x49\x0C\x4C\xE5\x63\x43\x44\x86\x43\x9A\x41\xB4\xBB\xEB\x04\x6A\x6F\xD8\x7D"
"\xFD\xDA\xA5\xE9\xDA\xD7\x74\x6F\xBB\xF6\xF6\xDD\xC7\x15\xBC\xA5\x1D\x4F\x43\xCC\x16\x0B\x53\x14\x34"
"\x2E\xDA\x11\x66\x8C\xE3\x64\xA1\xD8\x8F\x96\x3F\xE6\x8A\x68\x53\xEC\xAC\x9E\xCE\x0C\x4C\xCE\x01\x4B"
"\xCA\xE9\x8F\xDD\x41\xB2\xE3\x41\x62\x45\x6B\xFE\xCA\xEE\xE0\xD0\xA5\x28\xC5\xEC\xAC\x04\x9F\x66\x20"
"\xB0\x14\xA1\x2C\xD8\x07\xBB\x70\xA2\x2B\x36\x81\xBB\xF9\xCA\xEE\x50\x5F\x59\x8A\x22\xED\x38\xBB\x7F"
"\xE5\x0B\xD2\x80\x9C\x5D\x08\x6B\xB4\x33\xE3\x2D\xBB\x3C\x9F\x08\xD3\x64\xC5\xDA\x3E\x9B\x1F\x60\x63"
"\x84\xCF\x43\xB1\x5F\x17\xED\xC5\xE6\xBF\xBA\x5F\x6A\x9A\xE6\x76\x7F\x6C\x53\xAC\xB3\x63\xE3\x70\x99"
"\x01\x1B\x87\xCB\x0C\xFF\xE8\xFE\xED\x3A\x01\xBA\xDF\x5C\x27\x68\xDC\xBD\x7F\xB3\xEE\x3F\xAE\x13\x68"
"\xF7\xFE\x77\x8F\xFF\x7E\x06\xBE\xA0\x6C\x9F\xDE\x71\x82\x3A\x23\x1B\xB9\x03\x86\x45\x49\xF0\x39\x10"
"\xD6\xE2\x00\x00\x00\x00\x49\x45\x4E\x44\xAE\x42\x60\x82"
}
};


const binfile_t *builtin_images[] = {&background_msx,
&logo_msx,

0
};
